dataset,split,population_role,population_size,corpus_source,corpus_size,corpus_unit,retriever,condition,diversification_family,diversification_parameter,logical_generator,physical_generator,candidate_pool,final_top_k,temperature,max_tokens,expected_generation_artifacts,baseline,execution_status,note,correctness_total_n,correctness_measurable_n,primary_correctness_metric,primary_correctness_value,secondary_correctness_metric,secondary_correctness_value,tertiary_correctness_metric,tertiary_correctness_value,faithfulness_n,faithfulness,std_faithfulness,hallucination_rate,mean_supporting_source_count,mean_claim_count,mean_supported_claim_count,coverage_n,coverage_metric,coverage_value,secondary_coverage_metric,secondary_coverage_value,retrieval_diversity_n,retrieval_diversity_metric,retrieval_diversity,retrieval_diversity_std,output_diversity_answers,output_diversity_eligible_n,output_diversity_ineligible_n,output_diversity_eligibility_fraction,output_diversity
pubmedqa,train,FULL_SPLIT_SOURCE_ORDER,1000,qiaojin/PubMedQA pqa_labeled,3358,context_section,bm25,none,none,,gemma4-26b,gemma4-26b,20,5,0,256,1000,YES,COMPLETE_FROZEN,"Complete PQA-L labeled population; shared 3,358-section corpus.",1000,999,decision_accuracy,0.3893893893893894,,,,,999,0.6531531531531531,0.4152257125374969,0.4554554554554554,1.1861861861861862,1.6726726726726726,1.13013013013013,1000,gold_document_recall_at_5,0.5992107142857142,mrr_at_5,0.9115166666666672,1000,mean_pairwise_cosine_distance_top5,0.5414842689931393,0.0708965923942012,,,,,
pubmedqa,train,FULL_SPLIT_SOURCE_ORDER,1000,qiaojin/PubMedQA pqa_labeled,3358,context_section,bm25,none,none,,llama-3.3-70b,llama-3.3-70b,20,5,0,256,1000,YES,COMPLETE_FROZEN,"Complete PQA-L labeled population; shared 3,358-section corpus.",1000,1000,decision_accuracy,0.656,,,,,1000,0.563333333333333,0.3318116753171379,0.75,1.229,2.995,1.686,1000,gold_document_recall_at_5,0.5992107142857142,mrr_at_5,0.9115166666666672,1000,mean_pairwise_cosine_distance_top5,0.5414842689931393,0.0708965923942012,,,,,
pubmedqa,train,FULL_SPLIT_SOURCE_ORDER,1000,qiaojin/PubMedQA pqa_labeled,3358,context_section,bm25,none,none,,ministral-3-14b,qwen3.6-36b,20,5,0,256,1000,YES,COMPLETE_FROZEN,"Complete PQA-L labeled population; shared 3,358-section corpus.",1000,1000,decision_accuracy,0.603,,,,,1000,0.635,0.3563109780355136,0.577,1.287,2.042,1.294,1000,gold_document_recall_at_5,0.5992107142857142,mrr_at_5,0.9115166666666672,1000,mean_pairwise_cosine_distance_top5,0.5414842689931393,0.0708965923942012,,,,,
pubmedqa,train,FULL_SPLIT_SOURCE_ORDER,1000,qiaojin/PubMedQA pqa_labeled,3358,context_section,bm25,mmr_0,mmr,lambda=0,gemma4-26b,gemma4-26b,20,5,0,256,1000,NO,COMPLETE_FROZEN,"Complete PQA-L labeled population; shared 3,358-section corpus.",1000,995,decision_accuracy,0.2030150753768844,,,,,995,0.5653266331658291,0.4471615924729208,0.5266331658291458,1.127638190954774,1.4693467336683417,0.8733668341708543,1000,gold_document_recall_at_5,0.2853134920634927,mrr_at_5,0.890566666666667,1000,mean_pairwise_cosine_distance_top5,0.6842944559454918,0.0378922356651113,,,,,
pubmedqa,train,FULL_SPLIT_SOURCE_ORDER,1000,qiaojin/PubMedQA pqa_labeled,3358,context_section,bm25,mmr_0,mmr,lambda=0,llama-3.3-70b,llama-3.3-70b,20,5,0,256,1000,NO,COMPLETE_FROZEN,"Complete PQA-L labeled population; shared 3,358-section corpus.",1000,1000,decision_accuracy,0.562,,,,,1000,0.5084999999999997,0.3377419094147967,0.799,1.189,2.996,1.523,1000,gold_document_recall_at_5,0.2853134920634927,mrr_at_5,0.890566666666667,1000,mean_pairwise_cosine_distance_top5,0.6842944559454918,0.0378922356651113,,,,,
pubmedqa,train,FULL_SPLIT_SOURCE_ORDER,1000,qiaojin/PubMedQA pqa_labeled,3358,context_section,bm25,mmr_0,mmr,lambda=0,ministral-3-14b,qwen3.6-36b,20,5,0,256,1000,NO,COMPLETE_FROZEN,"Complete PQA-L labeled population; shared 3,358-section corpus.",1000,1000,decision_accuracy,0.462,,,,,1000,0.5646666666666667,0.3645484360532846,0.663,1.358,2.038,1.143,1000,gold_document_recall_at_5,0.2853134920634927,mrr_at_5,0.890566666666667,1000,mean_pairwise_cosine_distance_top5,0.6842944559454918,0.0378922356651113,,,,,
pubmedqa,train,FULL_SPLIT_SOURCE_ORDER,1000,qiaojin/PubMedQA pqa_labeled,3358,context_section,bm25,mmr_0.25,mmr,lambda=0.25,gemma4-26b,gemma4-26b,20,5,0,256,1000,NO,COMPLETE_FROZEN,"Complete PQA-L labeled population; shared 3,358-section corpus.",1000,998,decision_accuracy,0.2304609218436873,,,,,998,0.5455911823647295,0.4430173748122769,0.5581162324649298,1.1442885771543083,1.5090180360721444,0.87374749498998,1000,gold_document_recall_at_5,0.3336420634920628,mrr_at_5,0.9068500000000004,1000,mean_pairwise_cosine_distance_top5,0.6673254590630532,0.0454688297176621,,,,,
pubmedqa,train,FULL_SPLIT_SOURCE_ORDER,1000,qiaojin/PubMedQA pqa_labeled,3358,context_section,bm25,mmr_0.25,mmr,lambda=0.25,llama-3.3-70b,llama-3.3-70b,20,5,0,256,1000,NO,COMPLETE_FROZEN,"Complete PQA-L labeled population; shared 3,358-section corpus.",1000,1000,decision_accuracy,0.586,,,,,1000,0.521833333333333,0.3349908323322229,0.784,1.186,2.994,1.562,1000,gold_document_recall_at_5,0.3336420634920628,mrr_at_5,0.9068500000000004,1000,mean_pairwise_cosine_distance_top5,0.6673254590630532,0.0454688297176621,,,,,
pubmedqa,train,FULL_SPLIT_SOURCE_ORDER,1000,qiaojin/PubMedQA pqa_labeled,3358,context_section,bm25,mmr_0.25,mmr,lambda=0.25,ministral-3-14b,qwen3.6-36b,20,5,0,256,1000,NO,COMPLETE_FROZEN,"Complete PQA-L labeled population; shared 3,358-section corpus.",1000,1000,decision_accuracy,0.48,,,,,1000,0.5711666666666666,0.3671786018836567,0.65,1.339,2.026,1.148,1000,gold_document_recall_at_5,0.3336420634920628,mrr_at_5,0.9068500000000004,1000,mean_pairwise_cosine_distance_top5,0.6673254590630532,0.0454688297176621,,,,,
pubmedqa,train,FULL_SPLIT_SOURCE_ORDER,1000,qiaojin/PubMedQA pqa_labeled,3358,context_section,bm25,mmr_0.5,mmr,lambda=0.5,gemma4-26b,gemma4-26b,20,5,0,256,1000,NO,COMPLETE_FROZEN,"Complete PQA-L labeled population; shared 3,358-section corpus.",1000,999,decision_accuracy,0.3353353353353353,,,,,999,0.6376376376376376,0.4268362721598145,0.4604604604604604,1.2132132132132132,1.5925925925925926,1.06006006006006,1000,gold_document_recall_at_5,0.4893626984126978,mrr_at_5,0.9124666666666668,1000,mean_pairwise_cosine_distance_top5,0.6126734801828861,0.0665025465586308,,,,,
pubmedqa,train,FULL_SPLIT_SOURCE_ORDER,1000,qiaojin/PubMedQA pqa_labeled,3358,context_section,bm25,mmr_0.5,mmr,lambda=0.5,llama-3.3-70b,llama-3.3-70b,20,5,0,256,1000,NO,COMPLETE_FROZEN,"Complete PQA-L labeled population; shared 3,358-section corpus.",1000,1000,decision_accuracy,0.638,,,,,1000,0.5469999999999998,0.3355148832817556,0.761,1.194,2.992,1.636,1000,gold_document_recall_at_5,0.4893626984126978,mrr_at_5,0.9124666666666668,1000,mean_pairwise_cosine_distance_top5,0.6126734801828861,0.0665025465586308,,,,,
pubmedqa,train,FULL_SPLIT_SOURCE_ORDER,1000,qiaojin/PubMedQA pqa_labeled,3358,context_section,bm25,mmr_0.5,mmr,lambda=0.5,ministral-3-14b,qwen3.6-36b,20,5,0,256,1000,NO,COMPLETE_FROZEN,"Complete PQA-L labeled population; shared 3,358-section corpus.",1000,1000,decision_accuracy,0.569,,,,,1000,0.6153333333333334,0.3602394191447854,0.601,1.333,2.038,1.249,1000,gold_document_recall_at_5,0.4893626984126978,mrr_at_5,0.9124666666666668,1000,mean_pairwise_cosine_distance_top5,0.6126734801828861,0.0665025465586308,,,,,
pubmedqa,train,FULL_SPLIT_SOURCE_ORDER,1000,qiaojin/PubMedQA pqa_labeled,3358,context_section,bm25,mmr_0.75,mmr,lambda=0.75,gemma4-26b,gemma4-26b,20,5,0,256,1000,NO,COMPLETE_FROZEN,"Complete PQA-L labeled population; shared 3,358-section corpus.",1000,999,decision_accuracy,0.3633633633633634,,,,,999,0.6471471471471472,0.4191906618608674,0.4584584584584584,1.2022022022022023,1.6296296296296295,1.1001001001001,1000,gold_document_recall_at_5,0.5689547619047618,mrr_at_5,0.912016666666667,1000,mean_pairwise_cosine_distance_top5,0.5646656034886837,0.0713789062587375,,,,,
pubmedqa,train,FULL_SPLIT_SOURCE_ORDER,1000,qiaojin/PubMedQA pqa_labeled,3358,context_section,bm25,mmr_0.75,mmr,lambda=0.75,llama-3.3-70b,llama-3.3-70b,20,5,0,256,1000,NO,COMPLETE_FROZEN,"Complete PQA-L labeled population; shared 3,358-section corpus.",1000,1000,decision_accuracy,0.649,,,,,1000,0.5529999999999997,0.3258620489775584,0.774,1.246,2.994,1.655,1000,gold_document_recall_at_5,0.5689547619047618,mrr_at_5,0.912016666666667,1000,mean_pairwise_cosine_distance_top5,0.5646656034886837,0.0713789062587375,,,,,
pubmedqa,train,FULL_SPLIT_SOURCE_ORDER,1000,qiaojin/PubMedQA pqa_labeled,3358,context_section,bm25,mmr_0.75,mmr,lambda=0.75,ministral-3-14b,qwen3.6-36b,20,5,0,256,1000,NO,COMPLETE_FROZEN,"Complete PQA-L labeled population; shared 3,358-section corpus.",1000,1000,decision_accuracy,0.574,,,,,1000,0.6215,0.3622569408614739,0.589,1.293,2.042,1.265,1000,gold_document_recall_at_5,0.5689547619047618,mrr_at_5,0.912016666666667,1000,mean_pairwise_cosine_distance_top5,0.5646656034886837,0.0713789062587375,,,,,
pubmedqa,train,FULL_SPLIT_SOURCE_ORDER,1000,qiaojin/PubMedQA pqa_labeled,3358,context_section,bm25,kmeans_k2,kmeans,k=2,gemma4-26b,gemma4-26b,20,5,0,256,1000,NO,COMPLETE_FROZEN,"Complete PQA-L labeled population; shared 3,358-section corpus.",1000,999,decision_accuracy,0.3753753753753753,,,,,999,0.6381381381381381,0.4156711463895692,0.4784784784784784,1.2132132132132132,1.6686686686686687,1.108108108108108,1000,gold_document_recall_at_5,0.5744496031746026,mrr_at_5,0.9085500000000004,1000,mean_pairwise_cosine_distance_top5,0.5668575563132763,0.0635733968122027,,,,,
pubmedqa,train,FULL_SPLIT_SOURCE_ORDER,1000,qiaojin/PubMedQA pqa_labeled,3358,context_section,bm25,kmeans_k2,kmeans,k=2,llama-3.3-70b,llama-3.3-70b,20,5,0,256,1000,NO,COMPLETE_FROZEN,"Complete PQA-L labeled population; shared 3,358-section corpus.",1000,1000,decision_accuracy,0.646,,,,,1000,0.5608333333333331,0.3267524810166209,0.762,1.248,2.993,1.678,1000,gold_document_recall_at_5,0.5744496031746026,mrr_at_5,0.9085500000000004,1000,mean_pairwise_cosine_distance_top5,0.5668575563132763,0.0635733968122027,,,,,
pubmedqa,train,FULL_SPLIT_SOURCE_ORDER,1000,qiaojin/PubMedQA pqa_labeled,3358,context_section,bm25,kmeans_k2,kmeans,k=2,ministral-3-14b,qwen3.6-36b,20,5,0,256,1000,NO,COMPLETE_FROZEN,"Complete PQA-L labeled population; shared 3,358-section corpus.",1000,999,decision_accuracy,0.5835835835835835,,,,,999,0.615281948615282,0.3686622473525776,0.5895895895895896,1.2552552552552552,2.038038038038038,1.2422422422422423,1000,gold_document_recall_at_5,0.5744496031746026,mrr_at_5,0.9085500000000004,1000,mean_pairwise_cosine_distance_top5,0.5668575563132763,0.0635733968122027,,,,,
pubmedqa,train,FULL_SPLIT_SOURCE_ORDER,1000,qiaojin/PubMedQA pqa_labeled,3358,context_section,bm25,agglo_k3,agglomerative,k=3,gemma4-26b,gemma4-26b,20,5,0,256,1000,NO,COMPLETE_FROZEN,"Complete PQA-L labeled population; shared 3,358-section corpus.",1000,998,decision_accuracy,0.3326653306613226,,,,,998,0.6037074148296593,0.4260997130502612,0.5120240480961924,1.1943887775551103,1.6162324649298596,1.0150300601202404,1000,gold_document_recall_at_5,0.4918230158730169,mrr_at_5,0.906566666666667,1000,mean_pairwise_cosine_distance_top5,0.5866264488101005,0.0551002521673478,,,,,
pubmedqa,train,FULL_SPLIT_SOURCE_ORDER,1000,qiaojin/PubMedQA pqa_labeled,3358,context_section,bm25,agglo_k3,agglomerative,k=3,llama-3.3-70b,llama-3.3-70b,20,5,0,256,1000,NO,COMPLETE_FROZEN,"Complete PQA-L labeled population; shared 3,358-section corpus.",1000,1000,decision_accuracy,0.641,,,,,1000,0.5471666666666664,0.3287519244473373,0.77,1.22,2.997,1.641,1000,gold_document_recall_at_5,0.4918230158730169,mrr_at_5,0.906566666666667,1000,mean_pairwise_cosine_distance_top5,0.5866264488101005,0.0551002521673478,,,,,
pubmedqa,train,FULL_SPLIT_SOURCE_ORDER,1000,qiaojin/PubMedQA pqa_labeled,3358,context_section,bm25,agglo_k3,agglomerative,k=3,ministral-3-14b,qwen3.6-36b,20,5,0,256,1000,NO,COMPLETE_FROZEN,"Complete PQA-L labeled population; shared 3,358-section corpus.",1000,1000,decision_accuracy,0.573,,,,,1000,0.6003333333333334,0.3673650339638906,0.613,1.24,2.035,1.214,1000,gold_document_recall_at_5,0.4918230158730169,mrr_at_5,0.906566666666667,1000,mean_pairwise_cosine_distance_top5,0.5866264488101005,0.0551002521673478,,,,,
pubmedqa,train,FULL_SPLIT_SOURCE_ORDER,1000,qiaojin/PubMedQA pqa_labeled,3358,context_section,bm25,dpp_map,dpp,MAP,gemma4-26b,gemma4-26b,20,5,0,256,1000,NO,COMPLETE_FROZEN,"Complete PQA-L labeled population; shared 3,358-section corpus.",1000,997,decision_accuracy,0.312938816449348,,,,,997,0.6083249749247743,0.4348070045814083,0.4904714142427281,1.2026078234704112,1.5707121364092276,1.004012036108325,1000,gold_document_recall_at_5,0.4308944444444435,mrr_at_5,0.9119666666666668,1000,mean_pairwise_cosine_distance_top5,0.6404337448775769,0.0524585100846162,,,,,
pubmedqa,train,FULL_SPLIT_SOURCE_ORDER,1000,qiaojin/PubMedQA pqa_labeled,3358,context_section,bm25,dpp_map,dpp,MAP,llama-3.3-70b,llama-3.3-70b,20,5,0,256,1000,NO,COMPLETE_FROZEN,"Complete PQA-L labeled population; shared 3,358-section corpus.",1000,1000,decision_accuracy,0.614,,,,,1000,0.532333333333333,0.3325133390951885,0.781,1.199,2.994,1.594,1000,gold_document_recall_at_5,0.4308944444444435,mrr_at_5,0.9119666666666668,1000,mean_pairwise_cosine_distance_top5,0.6404337448775769,0.0524585100846162,,,,,
pubmedqa,train,FULL_SPLIT_SOURCE_ORDER,1000,qiaojin/PubMedQA pqa_labeled,3358,context_section,bm25,dpp_map,dpp,MAP,ministral-3-14b,qwen3.6-36b,20,5,0,256,1000,NO,COMPLETE_FROZEN,"Complete PQA-L labeled population; shared 3,358-section corpus.",1000,1000,decision_accuracy,0.531,,,,,1000,0.6066666666666666,0.3592061093982523,0.613,1.316,2.019,1.213,1000,gold_document_recall_at_5,0.4308944444444435,mrr_at_5,0.9119666666666668,1000,mean_pairwise_cosine_distance_top5,0.6404337448775769,0.0524585100846162,,,,,
pubmedqa,train,FULL_SPLIT_SOURCE_ORDER,1000,qiaojin/PubMedQA pqa_labeled,3358,context_section,dpr,none,none,,gemma4-26b,gemma4-26b,20,5,0,256,1000,YES,COMPLETE_FROZEN,"Complete PQA-L labeled population; shared 3,358-section corpus.",1000,989,decision_accuracy,0.3033367037411527,,,,,989,0.5793731041456016,0.4344935291195153,0.5308392315470172,1.1203235591506573,1.6440849342770476,0.9787664307381192,1000,gold_document_recall_at_5,0.3252587301587295,mrr_at_5,0.5786833333333331,1000,mean_pairwise_cosine_distance_top5,0.578946276217699,0.0517220700457734,,,,,
pubmedqa,train,FULL_SPLIT_SOURCE_ORDER,1000,qiaojin/PubMedQA pqa_labeled,3358,context_section,dpr,none,none,,llama-3.3-70b,llama-3.3-70b,20,5,0,256,1000,YES,COMPLETE_FROZEN,"Complete PQA-L labeled population; shared 3,358-section corpus.",1000,1000,decision_accuracy,0.579,,,,,1000,0.4881666666666664,0.3412457224457648,0.807,1.158,2.984,1.459,1000,gold_document_recall_at_5,0.3252587301587295,mrr_at_5,0.5786833333333331,1000,mean_pairwise_cosine_distance_top5,0.578946276217699,0.0517220700457734,,,,,
pubmedqa,train,FULL_SPLIT_SOURCE_ORDER,1000,qiaojin/PubMedQA pqa_labeled,3358,context_section,dpr,none,none,,ministral-3-14b,qwen3.6-36b,20,5,0,256,1000,YES,COMPLETE_FROZEN,"Complete PQA-L labeled population; shared 3,358-section corpus.",1000,1000,decision_accuracy,0.503,,,,,1000,0.4821666666666666,0.3898369325051901,0.715,1.032,2.015,0.971,1000,gold_document_recall_at_5,0.3252587301587295,mrr_at_5,0.5786833333333331,1000,mean_pairwise_cosine_distance_top5,0.578946276217699,0.0517220700457734,,,,,
pubmedqa,train,FULL_SPLIT_SOURCE_ORDER,1000,qiaojin/PubMedQA pqa_labeled,3358,context_section,dpr,mmr_0,mmr,lambda=0,gemma4-26b,gemma4-26b,20,5,0,256,1000,NO,COMPLETE_FROZEN,"Complete PQA-L labeled population; shared 3,358-section corpus.",1000,972,decision_accuracy,0.2263374485596707,,,,,972,0.5668724279835391,0.4401962068162756,0.5370370370370371,1.0658436213991769,1.5946502057613168,0.9156378600823044,1000,gold_document_recall_at_5,0.1756964285714291,mrr_at_5,0.5207999999999997,1000,mean_pairwise_cosine_distance_top5,0.6681772534251214,0.0302025167640665,,,,,
pubmedqa,train,FULL_SPLIT_SOURCE_ORDER,1000,qiaojin/PubMedQA pqa_labeled,3358,context_section,dpr,mmr_0,mmr,lambda=0,llama-3.3-70b,llama-3.3-70b,20,5,0,256,1000,NO,COMPLETE_FROZEN,"Complete PQA-L labeled population; shared 3,358-section corpus.",1000,1000,decision_accuracy,0.514,,,,,1000,0.4546666666666664,0.3496194922267642,0.829,1.193,2.956,1.35,1000,gold_document_recall_at_5,0.1756964285714291,mrr_at_5,0.5207999999999997,1000,mean_pairwise_cosine_distance_top5,0.6681772534251214,0.0302025167640665,,,,,
pubmedqa,train,FULL_SPLIT_SOURCE_ORDER,1000,qiaojin/PubMedQA pqa_labeled,3358,context_section,dpr,mmr_0,mmr,lambda=0,ministral-3-14b,qwen3.6-36b,20,5,0,256,1000,NO,COMPLETE_FROZEN,"Complete PQA-L labeled population; shared 3,358-section corpus.",1000,1000,decision_accuracy,0.444,,,,,1000,0.4525,0.3827186393294993,0.75,1.008,2.024,0.911,1000,gold_document_recall_at_5,0.1756964285714291,mrr_at_5,0.5207999999999997,1000,mean_pairwise_cosine_distance_top5,0.6681772534251214,0.0302025167640665,,,,,
pubmedqa,train,FULL_SPLIT_SOURCE_ORDER,1000,qiaojin/PubMedQA pqa_labeled,3358,context_section,dpr,mmr_0.25,mmr,lambda=0.25,gemma4-26b,gemma4-26b,20,5,0,256,1000,NO,COMPLETE_FROZEN,"Complete PQA-L labeled population; shared 3,358-section corpus.",1000,982,decision_accuracy,0.2454175152749491,,,,,982,0.5595723014256619,0.4363281835476602,0.5529531568228105,1.070264765784114,1.6008146639511205,0.9276985743380856,1000,gold_document_recall_at_5,0.2215765873015883,mrr_at_5,0.5653666666666665,1000,mean_pairwise_cosine_distance_top5,0.6338174286484718,0.0386480370113453,,,,,
pubmedqa,train,FULL_SPLIT_SOURCE_ORDER,1000,qiaojin/PubMedQA pqa_labeled,3358,context_section,dpr,mmr_0.25,mmr,lambda=0.25,llama-3.3-70b,llama-3.3-70b,20,5,0,256,1000,NO,COMPLETE_FROZEN,"Complete PQA-L labeled population; shared 3,358-section corpus.",1000,1000,decision_accuracy,0.536,,,,,1000,0.4779166666666664,0.3382887311965084,0.823,1.173,2.979,1.427,1000,gold_document_recall_at_5,0.2215765873015883,mrr_at_5,0.5653666666666665,1000,mean_pairwise_cosine_distance_top5,0.6338174286484718,0.0386480370113453,,,,,
pubmedqa,train,FULL_SPLIT_SOURCE_ORDER,1000,qiaojin/PubMedQA pqa_labeled,3358,context_section,dpr,mmr_0.25,mmr,lambda=0.25,ministral-3-14b,qwen3.6-36b,20,5,0,256,1000,NO,COMPLETE_FROZEN,"Complete PQA-L labeled population; shared 3,358-section corpus.",1000,1000,decision_accuracy,0.461,,,,,1000,0.4886666666666666,0.3772156213073519,0.728,1.093,2.018,0.984,1000,gold_document_recall_at_5,0.2215765873015883,mrr_at_5,0.5653666666666665,1000,mean_pairwise_cosine_distance_top5,0.6338174286484718,0.0386480370113453,,,,,
pubmedqa,train,FULL_SPLIT_SOURCE_ORDER,1000,qiaojin/PubMedQA pqa_labeled,3358,context_section,dpr,mmr_0.5,mmr,lambda=0.5,gemma4-26b,gemma4-26b,20,5,0,256,1000,NO,COMPLETE_FROZEN,"Complete PQA-L labeled population; shared 3,358-section corpus.",1000,978,decision_accuracy,0.287321063394683,,,,,978,0.5717450579413769,0.4351421445803589,0.5398773006134969,1.088957055214724,1.6329243353783232,0.9652351738241308,1000,gold_document_recall_at_5,0.2854373015873018,mrr_at_5,0.5758166666666665,1000,mean_pairwise_cosine_distance_top5,0.6019325555264949,0.0441231668141711,,,,,
pubmedqa,train,FULL_SPLIT_SOURCE_ORDER,1000,qiaojin/PubMedQA pqa_labeled,3358,context_section,dpr,mmr_0.5,mmr,lambda=0.5,llama-3.3-70b,llama-3.3-70b,20,5,0,256,1000,NO,COMPLETE_FROZEN,"Complete PQA-L labeled population; shared 3,358-section corpus.",1000,1000,decision_accuracy,0.565,,,,,1000,0.488333333333333,0.3404765154763604,0.812,1.191,2.981,1.459,1000,gold_document_recall_at_5,0.2854373015873018,mrr_at_5,0.5758166666666665,1000,mean_pairwise_cosine_distance_top5,0.6019325555264949,0.0441231668141711,,,,,
pubmedqa,train,FULL_SPLIT_SOURCE_ORDER,1000,qiaojin/PubMedQA pqa_labeled,3358,context_section,dpr,mmr_0.5,mmr,lambda=0.5,ministral-3-14b,qwen3.6-36b,20,5,0,256,1000,NO,COMPLETE_FROZEN,"Complete PQA-L labeled population; shared 3,358-section corpus.",1000,1000,decision_accuracy,0.488,,,,,1000,0.4718333333333333,0.3819427927892216,0.737,1.035,2.023,0.958,1000,gold_document_recall_at_5,0.2854373015873018,mrr_at_5,0.5758166666666665,1000,mean_pairwise_cosine_distance_top5,0.6019325555264949,0.0441231668141711,,,,,
pubmedqa,train,FULL_SPLIT_SOURCE_ORDER,1000,qiaojin/PubMedQA pqa_labeled,3358,context_section,dpr,mmr_0.75,mmr,lambda=0.75,gemma4-26b,gemma4-26b,20,5,0,256,1000,NO,COMPLETE_FROZEN,"Complete PQA-L labeled population; shared 3,358-section corpus.",1000,984,decision_accuracy,0.2936991869918699,,,,,984,0.5809620596205962,0.433617587241036,0.5304878048780488,1.1077235772357723,1.647357723577236,0.9898373983739838,1000,gold_document_recall_at_5,0.3119325396825392,mrr_at_5,0.5781333333333332,1000,mean_pairwise_cosine_distance_top5,0.586491299211979,0.0485636905055626,,,,,
pubmedqa,train,FULL_SPLIT_SOURCE_ORDER,1000,qiaojin/PubMedQA pqa_labeled,3358,context_section,dpr,mmr_0.75,mmr,lambda=0.75,llama-3.3-70b,llama-3.3-70b,20,5,0,256,1000,NO,COMPLETE_FROZEN,"Complete PQA-L labeled population; shared 3,358-section corpus.",1000,1000,decision_accuracy,0.569,,,,,1000,0.4886666666666664,0.3425233000833503,0.809,1.174,2.983,1.46,1000,gold_document_recall_at_5,0.3119325396825392,mrr_at_5,0.5781333333333332,1000,mean_pairwise_cosine_distance_top5,0.586491299211979,0.0485636905055626,,,,,
pubmedqa,train,FULL_SPLIT_SOURCE_ORDER,1000,qiaojin/PubMedQA pqa_labeled,3358,context_section,dpr,mmr_0.75,mmr,lambda=0.75,ministral-3-14b,qwen3.6-36b,20,5,0,256,1000,NO,COMPLETE_FROZEN,"Complete PQA-L labeled population; shared 3,358-section corpus.",1000,1000,decision_accuracy,0.489,,,,,1000,0.4803333333333333,0.3825115591333789,0.728,1.097,2.023,0.974,1000,gold_document_recall_at_5,0.3119325396825392,mrr_at_5,0.5781333333333332,1000,mean_pairwise_cosine_distance_top5,0.586491299211979,0.0485636905055626,,,,,
pubmedqa,train,FULL_SPLIT_SOURCE_ORDER,1000,qiaojin/PubMedQA pqa_labeled,3358,context_section,dpr,kmeans_k2,kmeans,k=2,gemma4-26b,gemma4-26b,20,5,0,256,1000,NO,COMPLETE_FROZEN,"Complete PQA-L labeled population; shared 3,358-section corpus.",1000,983,decision_accuracy,0.2929806714140386,,,,,983,0.5635808748728383,0.4367023660780118,0.5473041709053916,1.0152594099694812,1.6480162767039674,0.9542217700915564,1000,gold_document_recall_at_5,0.3132492063492061,mrr_at_5,0.5675833333333332,1000,mean_pairwise_cosine_distance_top5,0.5886583390235901,0.0458469990991664,,,,,
pubmedqa,train,FULL_SPLIT_SOURCE_ORDER,1000,qiaojin/PubMedQA pqa_labeled,3358,context_section,dpr,kmeans_k2,kmeans,k=2,llama-3.3-70b,llama-3.3-70b,20,5,0,256,1000,NO,COMPLETE_FROZEN,"Complete PQA-L labeled population; shared 3,358-section corpus.",1000,1000,decision_accuracy,0.591,,,,,1000,0.4956666666666664,0.3419524631328137,0.804,1.211,2.981,1.48,1000,gold_document_recall_at_5,0.3132492063492061,mrr_at_5,0.5675833333333332,1000,mean_pairwise_cosine_distance_top5,0.5886583390235901,0.0458469990991664,,,,,
pubmedqa,train,FULL_SPLIT_SOURCE_ORDER,1000,qiaojin/PubMedQA pqa_labeled,3358,context_section,dpr,kmeans_k2,kmeans,k=2,ministral-3-14b,qwen3.6-36b,20,5,0,256,1000,NO,COMPLETE_FROZEN,"Complete PQA-L labeled population; shared 3,358-section corpus.",1000,1000,decision_accuracy,0.503,,,,,1000,0.4825,0.3861974287971955,0.719,1.041,2.017,0.97,1000,gold_document_recall_at_5,0.3132492063492061,mrr_at_5,0.5675833333333332,1000,mean_pairwise_cosine_distance_top5,0.5886583390235901,0.0458469990991664,,,,,
pubmedqa,train,FULL_SPLIT_SOURCE_ORDER,1000,qiaojin/PubMedQA pqa_labeled,3358,context_section,dpr,agglo_k3,agglomerative,k=3,gemma4-26b,gemma4-26b,20,5,0,256,1000,NO,COMPLETE_FROZEN,"Complete PQA-L labeled population; shared 3,358-section corpus.",1000,986,decision_accuracy,0.2981744421906693,,,,,986,0.5537525354969574,0.4341408641998402,0.563894523326572,1.0436105476673427,1.6572008113590264,0.9482758620689656,1000,gold_document_recall_at_5,0.298815873015873,mrr_at_5,0.5687666666666666,1000,mean_pairwise_cosine_distance_top5,0.5959979036152363,0.0408415585775823,,,,,
pubmedqa,train,FULL_SPLIT_SOURCE_ORDER,1000,qiaojin/PubMedQA pqa_labeled,3358,context_section,dpr,agglo_k3,agglomerative,k=3,llama-3.3-70b,llama-3.3-70b,20,5,0,256,1000,NO,COMPLETE_FROZEN,"Complete PQA-L labeled population; shared 3,358-section corpus.",1000,1000,decision_accuracy,0.573,,,,,1000,0.4881666666666664,0.3438432788679238,0.814,1.188,2.982,1.46,1000,gold_document_recall_at_5,0.298815873015873,mrr_at_5,0.5687666666666666,1000,mean_pairwise_cosine_distance_top5,0.5959979036152363,0.0408415585775823,,,,,
pubmedqa,train,FULL_SPLIT_SOURCE_ORDER,1000,qiaojin/PubMedQA pqa_labeled,3358,context_section,dpr,agglo_k3,agglomerative,k=3,ministral-3-14b,qwen3.6-36b,20,5,0,256,1000,NO,COMPLETE_FROZEN,"Complete PQA-L labeled population; shared 3,358-section corpus.",1000,1000,decision_accuracy,0.499,,,,,1000,0.4868333333333333,0.3862976375201416,0.716,1.039,2.024,0.987,1000,gold_document_recall_at_5,0.298815873015873,mrr_at_5,0.5687666666666666,1000,mean_pairwise_cosine_distance_top5,0.5959979036152363,0.0408415585775823,,,,,
pubmedqa,train,FULL_SPLIT_SOURCE_ORDER,1000,qiaojin/PubMedQA pqa_labeled,3358,context_section,dpr,dpp_map,dpp,MAP,gemma4-26b,gemma4-26b,20,5,0,256,1000,NO,COMPLETE_FROZEN,"Complete PQA-L labeled population; shared 3,358-section corpus.",1000,982,decision_accuracy,0.2749490835030549,,,,,982,0.5699253224711472,0.4348201251688769,0.5427698574338086,1.0560081466395113,1.6272912423625254,0.9582484725050916,1000,gold_document_recall_at_5,0.262344444444445,mrr_at_5,0.5738833333333331,1000,mean_pairwise_cosine_distance_top5,0.615906721919775,0.0399115650610134,,,,,
pubmedqa,train,FULL_SPLIT_SOURCE_ORDER,1000,qiaojin/PubMedQA pqa_labeled,3358,context_section,dpr,dpp_map,dpp,MAP,llama-3.3-70b,llama-3.3-70b,20,5,0,256,1000,NO,COMPLETE_FROZEN,"Complete PQA-L labeled population; shared 3,358-section corpus.",1000,1000,decision_accuracy,0.555,,,,,1000,0.4713333333333331,0.3422406817428274,0.826,1.145,2.976,1.406,1000,gold_document_recall_at_5,0.262344444444445,mrr_at_5,0.5738833333333331,1000,mean_pairwise_cosine_distance_top5,0.615906721919775,0.0399115650610134,,,,,
pubmedqa,train,FULL_SPLIT_SOURCE_ORDER,1000,qiaojin/PubMedQA pqa_labeled,3358,context_section,dpr,dpp_map,dpp,MAP,ministral-3-14b,qwen3.6-36b,20,5,0,256,1000,NO,COMPLETE_FROZEN,"Complete PQA-L labeled population; shared 3,358-section corpus.",1000,1000,decision_accuracy,0.488,,,,,1000,0.4761666666666666,0.3781423416114733,0.738,1.059,2.022,0.964,1000,gold_document_recall_at_5,0.262344444444445,mrr_at_5,0.5738833333333331,1000,mean_pairwise_cosine_distance_top5,0.615906721919775,0.0399115650610134,,,,,
pubmedqa,train,FULL_SPLIT_SOURCE_ORDER,1000,qiaojin/PubMedQA pqa_labeled,3358,context_section,contriever,none,none,,gemma4-26b,gemma4-26b,20,5,0,256,1000,YES,COMPLETE_FROZEN,"Complete PQA-L labeled population; shared 3,358-section corpus.",1000,999,decision_accuracy,0.4444444444444444,,,,,999,0.7082082082082082,0.3853435766128277,0.4084084084084084,1.2442442442442443,1.7357357357357357,1.2612612612612613,1000,gold_document_recall_at_5,0.7403714285714279,mrr_at_5,0.9721166666666669,1000,mean_pairwise_cosine_distance_top5,0.465759758144617,0.0578184829125322,,,,,
pubmedqa,train,FULL_SPLIT_SOURCE_ORDER,1000,qiaojin/PubMedQA pqa_labeled,3358,context_section,contriever,none,none,,llama-3.3-70b,llama-3.3-70b,20,5,0,256,1000,YES,COMPLETE_FROZEN,"Complete PQA-L labeled population; shared 3,358-section corpus.",1000,1000,decision_accuracy,0.691,,,,,1000,0.5774166666666664,0.3222416268189816,0.754,1.209,2.992,1.729,1000,gold_document_recall_at_5,0.7403714285714279,mrr_at_5,0.9721166666666669,1000,mean_pairwise_cosine_distance_top5,0.465759758144617,0.0578184829125322,,,,,
pubmedqa,train,FULL_SPLIT_SOURCE_ORDER,1000,qiaojin/PubMedQA pqa_labeled,3358,context_section,contriever,none,none,,ministral-3-14b,qwen3.6-36b,20,5,0,256,1000,YES,COMPLETE_FROZEN,"Complete PQA-L labeled population; shared 3,358-section corpus.",1000,1000,decision_accuracy,0.655,,,,,1000,0.6418333333333333,0.3491731577832674,0.579,1.27,2.051,1.316,1000,gold_document_recall_at_5,0.7403714285714279,mrr_at_5,0.9721166666666669,1000,mean_pairwise_cosine_distance_top5,0.465759758144617,0.0578184829125322,,,,,
pubmedqa,train,FULL_SPLIT_SOURCE_ORDER,1000,qiaojin/PubMedQA pqa_labeled,3358,context_section,contriever,mmr_0,mmr,lambda=0,gemma4-26b,gemma4-26b,20,5,0,256,1000,NO,COMPLETE_FROZEN,"Complete PQA-L labeled population; shared 3,358-section corpus.",1000,1000,decision_accuracy,0.205,,,,,1000,0.5455,0.449869016639435,0.546,1.201,1.488,0.858,1000,gold_document_recall_at_5,0.3181039682539677,mrr_at_5,0.9646833333333334,1000,mean_pairwise_cosine_distance_top5,0.5946002667546272,0.0415276447927388,,,,,
pubmedqa,train,FULL_SPLIT_SOURCE_ORDER,1000,qiaojin/PubMedQA pqa_labeled,3358,context_section,contriever,mmr_0,mmr,lambda=0,llama-3.3-70b,llama-3.3-70b,20,5,0,256,1000,NO,COMPLETE_FROZEN,"Complete PQA-L labeled population; shared 3,358-section corpus.",1000,1000,decision_accuracy,0.56,,,,,1000,0.4856666666666664,0.3302579181711425,0.828,1.202,2.989,1.452,1000,gold_document_recall_at_5,0.3181039682539677,mrr_at_5,0.9646833333333334,1000,mean_pairwise_cosine_distance_top5,0.5946002667546272,0.0415276447927388,,,,,
pubmedqa,train,FULL_SPLIT_SOURCE_ORDER,1000,qiaojin/PubMedQA pqa_labeled,3358,context_section,contriever,mmr_0,mmr,lambda=0,ministral-3-14b,qwen3.6-36b,20,5,0,256,1000,NO,COMPLETE_FROZEN,"Complete PQA-L labeled population; shared 3,358-section corpus.",1000,1000,decision_accuracy,0.467,,,,,1000,0.5516666666666666,0.3604232302514709,0.685,1.466,2.035,1.12,1000,gold_document_recall_at_5,0.3181039682539677,mrr_at_5,0.9646833333333334,1000,mean_pairwise_cosine_distance_top5,0.5946002667546272,0.0415276447927388,,,,,
pubmedqa,train,FULL_SPLIT_SOURCE_ORDER,1000,qiaojin/PubMedQA pqa_labeled,3358,context_section,contriever,mmr_0.25,mmr,lambda=0.25,gemma4-26b,gemma4-26b,20,5,0,256,1000,NO,COMPLETE_FROZEN,"Complete PQA-L labeled population; shared 3,358-section corpus.",1000,1000,decision_accuracy,0.297,,,,,1000,0.6465,0.4200764385373388,0.458,1.269,1.606,1.063,1000,gold_document_recall_at_5,0.4851503968253962,mrr_at_5,0.9717333333333334,1000,mean_pairwise_cosine_distance_top5,0.566369740486145,0.0520106731077737,,,,,
pubmedqa,train,FULL_SPLIT_SOURCE_ORDER,1000,qiaojin/PubMedQA pqa_labeled,3358,context_section,contriever,mmr_0.25,mmr,lambda=0.25,llama-3.3-70b,llama-3.3-70b,20,5,0,256,1000,NO,COMPLETE_FROZEN,"Complete PQA-L labeled population; shared 3,358-section corpus.",1000,1000,decision_accuracy,0.607,,,,,1000,0.543333333333333,0.3295750761844003,0.776,1.203,2.996,1.629,1000,gold_document_recall_at_5,0.4851503968253962,mrr_at_5,0.9717333333333334,1000,mean_pairwise_cosine_distance_top5,0.566369740486145,0.0520106731077737,,,,,
pubmedqa,train,FULL_SPLIT_SOURCE_ORDER,1000,qiaojin/PubMedQA pqa_labeled,3358,context_section,contriever,mmr_0.25,mmr,lambda=0.25,ministral-3-14b,qwen3.6-36b,20,5,0,256,1000,NO,COMPLETE_FROZEN,"Complete PQA-L labeled population; shared 3,358-section corpus.",1000,1000,decision_accuracy,0.548,,,,,1000,0.5838333333333332,0.3657110959717085,0.639,1.364,2.045,1.19,1000,gold_document_recall_at_5,0.4851503968253962,mrr_at_5,0.9717333333333334,1000,mean_pairwise_cosine_distance_top5,0.566369740486145,0.0520106731077737,,,,,
pubmedqa,train,FULL_SPLIT_SOURCE_ORDER,1000,qiaojin/PubMedQA pqa_labeled,3358,context_section,contriever,mmr_0.5,mmr,lambda=0.5,gemma4-26b,gemma4-26b,20,5,0,256,1000,NO,COMPLETE_FROZEN,"Complete PQA-L labeled population; shared 3,358-section corpus.",1000,999,decision_accuracy,0.4254254254254254,,,,,999,0.6986986986986987,0.3893732545656552,0.4194194194194194,1.2332332332332332,1.6936936936936935,1.2052052052052051,1000,gold_document_recall_at_5,0.6976281746031741,mrr_at_5,0.9727333333333334,1000,mean_pairwise_cosine_distance_top5,0.4982925953269004,0.0618782535073982,,,,,
pubmedqa,train,FULL_SPLIT_SOURCE_ORDER,1000,qiaojin/PubMedQA pqa_labeled,3358,context_section,contriever,mmr_0.5,mmr,lambda=0.5,llama-3.3-70b,llama-3.3-70b,20,5,0,256,1000,NO,COMPLETE_FROZEN,"Complete PQA-L labeled population; shared 3,358-section corpus.",1000,1000,decision_accuracy,0.678,,,,,1000,0.5739166666666664,0.3274657814255884,0.748,1.213,2.995,1.72,1000,gold_document_recall_at_5,0.6976281746031741,mrr_at_5,0.9727333333333334,1000,mean_pairwise_cosine_distance_top5,0.4982925953269004,0.0618782535073982,,,,,
pubmedqa,train,FULL_SPLIT_SOURCE_ORDER,1000,qiaojin/PubMedQA pqa_labeled,3358,context_section,contriever,mmr_0.5,mmr,lambda=0.5,ministral-3-14b,qwen3.6-36b,20,5,0,256,1000,NO,COMPLETE_FROZEN,"Complete PQA-L labeled population; shared 3,358-section corpus.",1000,1000,decision_accuracy,0.64,,,,,1000,0.6453333333333332,0.3499215794695223,0.57,1.353,2.051,1.318,1000,gold_document_recall_at_5,0.6976281746031741,mrr_at_5,0.9727333333333334,1000,mean_pairwise_cosine_distance_top5,0.4982925953269004,0.0618782535073982,,,,,
pubmedqa,train,FULL_SPLIT_SOURCE_ORDER,1000,qiaojin/PubMedQA pqa_labeled,3358,context_section,contriever,mmr_0.75,mmr,lambda=0.75,gemma4-26b,gemma4-26b,20,5,0,256,1000,NO,COMPLETE_FROZEN,"Complete PQA-L labeled population; shared 3,358-section corpus.",1000,999,decision_accuracy,0.4374374374374374,,,,,999,0.7042042042042042,0.3887732393125246,0.4104104104104104,1.2552552552552552,1.7087087087087087,1.2292292292292293,1000,gold_document_recall_at_5,0.7308785714285709,mrr_at_5,0.9723666666666668,1000,mean_pairwise_cosine_distance_top5,0.4755503742396831,0.0597301661928209,,,,,
pubmedqa,train,FULL_SPLIT_SOURCE_ORDER,1000,qiaojin/PubMedQA pqa_labeled,3358,context_section,contriever,mmr_0.75,mmr,lambda=0.75,llama-3.3-70b,llama-3.3-70b,20,5,0,256,1000,NO,COMPLETE_FROZEN,"Complete PQA-L labeled population; shared 3,358-section corpus.",1000,1000,decision_accuracy,0.688,,,,,1000,0.583583333333333,0.3251304568640828,0.742,1.219,2.992,1.747,1000,gold_document_recall_at_5,0.7308785714285709,mrr_at_5,0.9723666666666668,1000,mean_pairwise_cosine_distance_top5,0.4755503742396831,0.0597301661928209,,,,,
pubmedqa,train,FULL_SPLIT_SOURCE_ORDER,1000,qiaojin/PubMedQA pqa_labeled,3358,context_section,contriever,mmr_0.75,mmr,lambda=0.75,ministral-3-14b,qwen3.6-36b,20,5,0,256,1000,NO,COMPLETE_FROZEN,"Complete PQA-L labeled population; shared 3,358-section corpus.",1000,1000,decision_accuracy,0.644,,,,,1000,0.6458333333333333,0.3471196044558349,0.574,1.295,2.048,1.318,1000,gold_document_recall_at_5,0.7308785714285709,mrr_at_5,0.9723666666666668,1000,mean_pairwise_cosine_distance_top5,0.4755503742396831,0.0597301661928209,,,,,
pubmedqa,train,FULL_SPLIT_SOURCE_ORDER,1000,qiaojin/PubMedQA pqa_labeled,3358,context_section,contriever,kmeans_k2,kmeans,k=2,gemma4-26b,gemma4-26b,20,5,0,256,1000,NO,COMPLETE_FROZEN,"Complete PQA-L labeled population; shared 3,358-section corpus.",1000,1000,decision_accuracy,0.434,,,,,1000,0.6965,0.3824709584191119,0.434,1.273,1.737,1.233,1000,gold_document_recall_at_5,0.7173638888888881,mrr_at_5,0.9705500000000002,1000,mean_pairwise_cosine_distance_top5,0.4853839646279811,0.0535280900438379,,,,,
pubmedqa,train,FULL_SPLIT_SOURCE_ORDER,1000,qiaojin/PubMedQA pqa_labeled,3358,context_section,contriever,kmeans_k2,kmeans,k=2,llama-3.3-70b,llama-3.3-70b,20,5,0,256,1000,NO,COMPLETE_FROZEN,"Complete PQA-L labeled population; shared 3,358-section corpus.",1000,1000,decision_accuracy,0.684,,,,,1000,0.581333333333333,0.3195279300751312,0.75,1.236,2.996,1.741,1000,gold_document_recall_at_5,0.7173638888888881,mrr_at_5,0.9705500000000002,1000,mean_pairwise_cosine_distance_top5,0.4853839646279811,0.0535280900438379,,,,,
pubmedqa,train,FULL_SPLIT_SOURCE_ORDER,1000,qiaojin/PubMedQA pqa_labeled,3358,context_section,contriever,kmeans_k2,kmeans,k=2,ministral-3-14b,qwen3.6-36b,20,5,0,256,1000,NO,COMPLETE_FROZEN,"Complete PQA-L labeled population; shared 3,358-section corpus.",1000,1000,decision_accuracy,0.657,,,,,1000,0.6295,0.3569102305769172,0.586,1.24,2.059,1.286,1000,gold_document_recall_at_5,0.7173638888888881,mrr_at_5,0.9705500000000002,1000,mean_pairwise_cosine_distance_top5,0.4853839646279811,0.0535280900438379,,,,,
pubmedqa,train,FULL_SPLIT_SOURCE_ORDER,1000,qiaojin/PubMedQA pqa_labeled,3358,context_section,contriever,agglo_k3,agglomerative,k=3,gemma4-26b,gemma4-26b,20,5,0,256,1000,NO,COMPLETE_FROZEN,"Complete PQA-L labeled population; shared 3,358-section corpus.",1000,1000,decision_accuracy,0.327,,,,,1000,0.646,0.4157605763619934,0.466,1.241,1.641,1.077,1000,gold_document_recall_at_5,0.5840261904761911,mrr_at_5,0.9703833333333336,1000,mean_pairwise_cosine_distance_top5,0.4989301604628563,0.0501297708470624,,,,,
pubmedqa,train,FULL_SPLIT_SOURCE_ORDER,1000,qiaojin/PubMedQA pqa_labeled,3358,context_section,contriever,agglo_k3,agglomerative,k=3,llama-3.3-70b,llama-3.3-70b,20,5,0,256,1000,NO,COMPLETE_FROZEN,"Complete PQA-L labeled population; shared 3,358-section corpus.",1000,1000,decision_accuracy,0.659,,,,,1000,0.5421666666666664,0.320793101187237,0.795,1.217,2.997,1.625,1000,gold_document_recall_at_5,0.5840261904761911,mrr_at_5,0.9703833333333336,1000,mean_pairwise_cosine_distance_top5,0.4989301604628563,0.0501297708470624,,,,,
pubmedqa,train,FULL_SPLIT_SOURCE_ORDER,1000,qiaojin/PubMedQA pqa_labeled,3358,context_section,contriever,agglo_k3,agglomerative,k=3,ministral-3-14b,qwen3.6-36b,20,5,0,256,1000,NO,COMPLETE_FROZEN,"Complete PQA-L labeled population; shared 3,358-section corpus.",1000,1000,decision_accuracy,0.602,,,,,1000,0.6043333333333334,0.3746545511526132,0.596,1.255,2.039,1.23,1000,gold_document_recall_at_5,0.5840261904761911,mrr_at_5,0.9703833333333336,1000,mean_pairwise_cosine_distance_top5,0.4989301604628563,0.0501297708470624,,,,,
pubmedqa,train,FULL_SPLIT_SOURCE_ORDER,1000,qiaojin/PubMedQA pqa_labeled,3358,context_section,contriever,dpp_map,dpp,MAP,gemma4-26b,gemma4-26b,20,5,0,256,1000,NO,COMPLETE_FROZEN,"Complete PQA-L labeled population; shared 3,358-section corpus.",1000,1000,decision_accuracy,0.392,,,,,1000,0.6865,0.3982792693279135,0.427,1.266,1.673,1.169,1000,gold_document_recall_at_5,0.6202813492063496,mrr_at_5,0.9725666666666668,1000,mean_pairwise_cosine_distance_top5,0.5387580911815166,0.0513428855708557,,,,,
pubmedqa,train,FULL_SPLIT_SOURCE_ORDER,1000,qiaojin/PubMedQA pqa_labeled,3358,context_section,contriever,dpp_map,dpp,MAP,llama-3.3-70b,llama-3.3-70b,20,5,0,256,1000,NO,COMPLETE_FROZEN,"Complete PQA-L labeled population; shared 3,358-section corpus.",1000,1000,decision_accuracy,0.65,,,,,1000,0.5669999999999997,0.3255854646382,0.752,1.247,2.995,1.698,1000,gold_document_recall_at_5,0.6202813492063496,mrr_at_5,0.9725666666666668,1000,mean_pairwise_cosine_distance_top5,0.5387580911815166,0.0513428855708557,,,,,
pubmedqa,train,FULL_SPLIT_SOURCE_ORDER,1000,qiaojin/PubMedQA pqa_labeled,3358,context_section,contriever,dpp_map,dpp,MAP,ministral-3-14b,qwen3.6-36b,20,5,0,256,1000,NO,COMPLETE_FROZEN,"Complete PQA-L labeled population; shared 3,358-section corpus.",1000,999,decision_accuracy,0.6136136136136137,,,,,999,0.6317984651317984,0.3621970272865881,0.5745745745745746,1.3773773773773774,2.041041041041041,1.2862862862862865,1000,gold_document_recall_at_5,0.6202813492063496,mrr_at_5,0.9725666666666668,1000,mean_pairwise_cosine_distance_top5,0.5387580911815166,0.0513428855708557,,,,,
pubmedqa,train,FULL_SPLIT_SOURCE_ORDER,1000,qiaojin/PubMedQA pqa_labeled,3358,context_section,colbertv2,none,none,,gemma4-26b,gemma4-26b,20,5,0,256,1000,YES,COMPLETE_FROZEN,"Complete PQA-L labeled population; shared 3,358-section corpus.",1000,1000,decision_accuracy,0.486,,,,,1000,0.717,0.3742339522959549,0.409,1.268,1.75,1.272,1000,gold_document_recall_at_5,0.7382095238095233,mrr_at_5,0.9762333333333336,1000,mean_pairwise_cosine_distance_top5,0.5032601608037949,0.0622014255977006,,,,,
pubmedqa,train,FULL_SPLIT_SOURCE_ORDER,1000,qiaojin/PubMedQA pqa_labeled,3358,context_section,colbertv2,none,none,,llama-3.3-70b,llama-3.3-70b,20,5,0,256,1000,YES,COMPLETE_FROZEN,"Complete PQA-L labeled population; shared 3,358-section corpus.",1000,1000,decision_accuracy,0.708,,,,,1000,0.591583333333333,0.3130862757637696,0.752,1.27,2.991,1.769,1000,gold_document_recall_at_5,0.7382095238095233,mrr_at_5,0.9762333333333336,1000,mean_pairwise_cosine_distance_top5,0.5032601608037949,0.0622014255977006,,,,,
pubmedqa,train,FULL_SPLIT_SOURCE_ORDER,1000,qiaojin/PubMedQA pqa_labeled,3358,context_section,colbertv2,none,none,,ministral-3-14b,qwen3.6-36b,20,5,0,256,1000,YES,COMPLETE_FROZEN,"Complete PQA-L labeled population; shared 3,358-section corpus.",1000,1000,decision_accuracy,0.675,,,,,1000,0.6333333333333333,0.3605042255369046,0.576,1.264,2.06,1.301,1000,gold_document_recall_at_5,0.7382095238095233,mrr_at_5,0.9762333333333336,1000,mean_pairwise_cosine_distance_top5,0.5032601608037949,0.0622014255977006,,,,,
pubmedqa,train,FULL_SPLIT_SOURCE_ORDER,1000,qiaojin/PubMedQA pqa_labeled,3358,context_section,colbertv2,mmr_0,mmr,lambda=0,gemma4-26b,gemma4-26b,20,5,0,256,1000,NO,COMPLETE_FROZEN,"Complete PQA-L labeled population; shared 3,358-section corpus.",1000,1000,decision_accuracy,0.211,,,,,1000,0.5545,0.4566051228777865,0.523,1.176,1.444,0.853,1000,gold_document_recall_at_5,0.3122134920634917,mrr_at_5,0.9686,1000,mean_pairwise_cosine_distance_top5,0.6503564842939377,0.0394933078139962,,,,,
pubmedqa,train,FULL_SPLIT_SOURCE_ORDER,1000,qiaojin/PubMedQA pqa_labeled,3358,context_section,colbertv2,mmr_0,mmr,lambda=0,llama-3.3-70b,llama-3.3-70b,20,5,0,256,1000,NO,COMPLETE_FROZEN,"Complete PQA-L labeled population; shared 3,358-section corpus.",1000,1000,decision_accuracy,0.57,,,,,1000,0.5224999999999997,0.3336157879033646,0.791,1.249,2.995,1.565,1000,gold_document_recall_at_5,0.3122134920634917,mrr_at_5,0.9686,1000,mean_pairwise_cosine_distance_top5,0.6503564842939377,0.0394933078139962,,,,,
pubmedqa,train,FULL_SPLIT_SOURCE_ORDER,1000,qiaojin/PubMedQA pqa_labeled,3358,context_section,colbertv2,mmr_0,mmr,lambda=0,ministral-3-14b,qwen3.6-36b,20,5,0,256,1000,NO,COMPLETE_FROZEN,"Complete PQA-L labeled population; shared 3,358-section corpus.",1000,998,decision_accuracy,0.4939879759519038,,,,,998,0.5704742818971277,0.3539101572028549,0.6723446893787575,1.5,2.032064128256513,1.156312625250501,1000,gold_document_recall_at_5,0.3122134920634917,mrr_at_5,0.9686,1000,mean_pairwise_cosine_distance_top5,0.6503564842939377,0.0394933078139962,,,,,
pubmedqa,train,FULL_SPLIT_SOURCE_ORDER,1000,qiaojin/PubMedQA pqa_labeled,3358,context_section,colbertv2,mmr_0.25,mmr,lambda=0.25,gemma4-26b,gemma4-26b,20,5,0,256,1000,NO,COMPLETE_FROZEN,"Complete PQA-L labeled population; shared 3,358-section corpus.",1000,999,decision_accuracy,0.2902902902902903,,,,,999,0.6076076076076076,0.437681748314683,0.4864864864864865,1.217217217217217,1.5585585585585586,0.990990990990991,1000,gold_document_recall_at_5,0.409192063492062,mrr_at_5,0.97595,1000,mean_pairwise_cosine_distance_top5,0.6307943182587623,0.0477849247845538,,,,,
pubmedqa,train,FULL_SPLIT_SOURCE_ORDER,1000,qiaojin/PubMedQA pqa_labeled,3358,context_section,colbertv2,mmr_0.25,mmr,lambda=0.25,llama-3.3-70b,llama-3.3-70b,20,5,0,256,1000,NO,COMPLETE_FROZEN,"Complete PQA-L labeled population; shared 3,358-section corpus.",1000,1000,decision_accuracy,0.603,,,,,1000,0.5454166666666664,0.3248843188797936,0.783,1.224,2.994,1.633,1000,gold_document_recall_at_5,0.409192063492062,mrr_at_5,0.97595,1000,mean_pairwise_cosine_distance_top5,0.6307943182587623,0.0477849247845538,,,,,
pubmedqa,train,FULL_SPLIT_SOURCE_ORDER,1000,qiaojin/PubMedQA pqa_labeled,3358,context_section,colbertv2,mmr_0.25,mmr,lambda=0.25,ministral-3-14b,qwen3.6-36b,20,5,0,256,1000,NO,COMPLETE_FROZEN,"Complete PQA-L labeled population; shared 3,358-section corpus.",1000,1000,decision_accuracy,0.535,,,,,1000,0.588,0.355268277337304,0.647,1.416,2.044,1.198,1000,gold_document_recall_at_5,0.409192063492062,mrr_at_5,0.97595,1000,mean_pairwise_cosine_distance_top5,0.6307943182587623,0.0477849247845538,,,,,
pubmedqa,train,FULL_SPLIT_SOURCE_ORDER,1000,qiaojin/PubMedQA pqa_labeled,3358,context_section,colbertv2,mmr_0.5,mmr,lambda=0.5,gemma4-26b,gemma4-26b,20,5,0,256,1000,NO,COMPLETE_FROZEN,"Complete PQA-L labeled population; shared 3,358-section corpus.",1000,999,decision_accuracy,0.4254254254254254,,,,,999,0.6996996996996997,0.3939801398689179,0.4104104104104104,1.3203203203203204,1.6996996996996998,1.2152152152152151,1000,gold_document_recall_at_5,0.653191269841269,mrr_at_5,0.9770833333333334,1000,mean_pairwise_cosine_distance_top5,0.5600091685950757,0.0663716370861549,,,,,
pubmedqa,train,FULL_SPLIT_SOURCE_ORDER,1000,qiaojin/PubMedQA pqa_labeled,3358,context_section,colbertv2,mmr_0.5,mmr,lambda=0.5,llama-3.3-70b,llama-3.3-70b,20,5,0,256,1000,NO,COMPLETE_FROZEN,"Complete PQA-L labeled population; shared 3,358-section corpus.",1000,1000,decision_accuracy,0.672,,,,,1000,0.5780833333333331,0.3212161016366043,0.749,1.309,2.99,1.728,1000,gold_document_recall_at_5,0.653191269841269,mrr_at_5,0.9770833333333334,1000,mean_pairwise_cosine_distance_top5,0.5600091685950757,0.0663716370861549,,,,,
pubmedqa,train,FULL_SPLIT_SOURCE_ORDER,1000,qiaojin/PubMedQA pqa_labeled,3358,context_section,colbertv2,mmr_0.5,mmr,lambda=0.5,ministral-3-14b,qwen3.6-36b,20,5,0,256,1000,NO,COMPLETE_FROZEN,"Complete PQA-L labeled population; shared 3,358-section corpus.",1000,1000,decision_accuracy,0.647,,,,,1000,0.6318333333333334,0.3542533947471952,0.587,1.333,2.044,1.29,1000,gold_document_recall_at_5,0.653191269841269,mrr_at_5,0.9770833333333334,1000,mean_pairwise_cosine_distance_top5,0.5600091685950757,0.0663716370861549,,,,,
pubmedqa,train,FULL_SPLIT_SOURCE_ORDER,1000,qiaojin/PubMedQA pqa_labeled,3358,context_section,colbertv2,mmr_0.75,mmr,lambda=0.75,gemma4-26b,gemma4-26b,20,5,0,256,1000,NO,COMPLETE_FROZEN,"Complete PQA-L labeled population; shared 3,358-section corpus.",1000,999,decision_accuracy,0.4674674674674675,,,,,999,0.7102102102102102,0.3829479784046187,0.4084084084084084,1.2422422422422423,1.7327327327327329,1.2472472472472471,1000,gold_document_recall_at_5,0.7130519841269829,mrr_at_5,0.9762833333333334,1000,mean_pairwise_cosine_distance_top5,0.5217866921126842,0.0649342964523552,,,,,
pubmedqa,train,FULL_SPLIT_SOURCE_ORDER,1000,qiaojin/PubMedQA pqa_labeled,3358,context_section,colbertv2,mmr_0.75,mmr,lambda=0.75,llama-3.3-70b,llama-3.3-70b,20,5,0,256,1000,NO,COMPLETE_FROZEN,"Complete PQA-L labeled population; shared 3,358-section corpus.",1000,1000,decision_accuracy,0.699,,,,,1000,0.582583333333333,0.3160223741672535,0.752,1.272,2.994,1.744,1000,gold_document_recall_at_5,0.7130519841269829,mrr_at_5,0.9762833333333334,1000,mean_pairwise_cosine_distance_top5,0.5217866921126842,0.0649342964523552,,,,,
pubmedqa,train,FULL_SPLIT_SOURCE_ORDER,1000,qiaojin/PubMedQA pqa_labeled,3358,context_section,colbertv2,mmr_0.75,mmr,lambda=0.75,ministral-3-14b,qwen3.6-36b,20,5,0,256,1000,NO,COMPLETE_FROZEN,"Complete PQA-L labeled population; shared 3,358-section corpus.",1000,1000,decision_accuracy,0.663,,,,,1000,0.6398333333333334,0.3572920791902253,0.569,1.282,2.061,1.316,1000,gold_document_recall_at_5,0.7130519841269829,mrr_at_5,0.9762833333333334,1000,mean_pairwise_cosine_distance_top5,0.5217866921126842,0.0649342964523552,,,,,
pubmedqa,train,FULL_SPLIT_SOURCE_ORDER,1000,qiaojin/PubMedQA pqa_labeled,3358,context_section,colbertv2,kmeans_k2,kmeans,k=2,gemma4-26b,gemma4-26b,20,5,0,256,1000,NO,COMPLETE_FROZEN,"Complete PQA-L labeled population; shared 3,358-section corpus.",1000,1000,decision_accuracy,0.464,,,,,1000,0.6925,0.3838503498644895,0.439,1.242,1.733,1.222,1000,gold_document_recall_at_5,0.7118369047619036,mrr_at_5,0.9746666666666668,1000,mean_pairwise_cosine_distance_top5,0.526585470199585,0.0577342767704972,,,,,
pubmedqa,train,FULL_SPLIT_SOURCE_ORDER,1000,qiaojin/PubMedQA pqa_labeled,3358,context_section,colbertv2,kmeans_k2,kmeans,k=2,llama-3.3-70b,llama-3.3-70b,20,5,0,256,1000,NO,COMPLETE_FROZEN,"Complete PQA-L labeled population; shared 3,358-section corpus.",1000,1000,decision_accuracy,0.701,,,,,1000,0.5949999999999996,0.321490488057873,0.735,1.274,2.992,1.78,1000,gold_document_recall_at_5,0.7118369047619036,mrr_at_5,0.9746666666666668,1000,mean_pairwise_cosine_distance_top5,0.526585470199585,0.0577342767704972,,,,,
pubmedqa,train,FULL_SPLIT_SOURCE_ORDER,1000,qiaojin/PubMedQA pqa_labeled,3358,context_section,colbertv2,kmeans_k2,kmeans,k=2,ministral-3-14b,qwen3.6-36b,20,5,0,256,1000,NO,COMPLETE_FROZEN,"Complete PQA-L labeled population; shared 3,358-section corpus.",1000,1000,decision_accuracy,0.664,,,,,1000,0.6188333333333333,0.3582073518946752,0.6,1.253,2.062,1.28,1000,gold_document_recall_at_5,0.7118369047619036,mrr_at_5,0.9746666666666668,1000,mean_pairwise_cosine_distance_top5,0.526585470199585,0.0577342767704972,,,,,
pubmedqa,train,FULL_SPLIT_SOURCE_ORDER,1000,qiaojin/PubMedQA pqa_labeled,3358,context_section,colbertv2,agglo_k3,agglomerative,k=3,gemma4-26b,gemma4-26b,20,5,0,256,1000,NO,COMPLETE_FROZEN,"Complete PQA-L labeled population; shared 3,358-section corpus.",1000,1000,decision_accuracy,0.37,,,,,1000,0.651,0.4115438838913398,0.465,1.297,1.693,1.118,1000,gold_document_recall_at_5,0.5746460317460315,mrr_at_5,0.9745666666666666,1000,mean_pairwise_cosine_distance_top5,0.553891937315464,0.0502271090854334,,,,,
pubmedqa,train,FULL_SPLIT_SOURCE_ORDER,1000,qiaojin/PubMedQA pqa_labeled,3358,context_section,colbertv2,agglo_k3,agglomerative,k=3,llama-3.3-70b,llama-3.3-70b,20,5,0,256,1000,NO,COMPLETE_FROZEN,"Complete PQA-L labeled population; shared 3,358-section corpus.",1000,1000,decision_accuracy,0.664,,,,,1000,0.554083333333333,0.3207046236372167,0.779,1.251,2.99,1.659,1000,gold_document_recall_at_5,0.5746460317460315,mrr_at_5,0.9745666666666666,1000,mean_pairwise_cosine_distance_top5,0.553891937315464,0.0502271090854334,,,,,
pubmedqa,train,FULL_SPLIT_SOURCE_ORDER,1000,qiaojin/PubMedQA pqa_labeled,3358,context_section,colbertv2,agglo_k3,agglomerative,k=3,ministral-3-14b,qwen3.6-36b,20,5,0,256,1000,NO,COMPLETE_FROZEN,"Complete PQA-L labeled population; shared 3,358-section corpus.",1000,999,decision_accuracy,0.6156156156156156,,,,,999,0.5997664330997664,0.3718569776618954,0.6066066066066066,1.3193193193193191,2.051051051051051,1.227227227227227,1000,gold_document_recall_at_5,0.5746460317460315,mrr_at_5,0.9745666666666666,1000,mean_pairwise_cosine_distance_top5,0.553891937315464,0.0502271090854334,,,,,
pubmedqa,train,FULL_SPLIT_SOURCE_ORDER,1000,qiaojin/PubMedQA pqa_labeled,3358,context_section,colbertv2,dpp_map,dpp,MAP,gemma4-26b,gemma4-26b,20,5,0,256,1000,NO,COMPLETE_FROZEN,"Complete PQA-L labeled population; shared 3,358-section corpus.",1000,1000,decision_accuracy,0.388,,,,,1000,0.6775,0.406705248502105,0.429,1.254,1.654,1.152,1000,gold_document_recall_at_5,0.567894444444444,mrr_at_5,0.9771166666666666,1000,mean_pairwise_cosine_distance_top5,0.5959717054069043,0.0532594844053563,,,,,
pubmedqa,train,FULL_SPLIT_SOURCE_ORDER,1000,qiaojin/PubMedQA pqa_labeled,3358,context_section,colbertv2,dpp_map,dpp,MAP,llama-3.3-70b,llama-3.3-70b,20,5,0,256,1000,NO,COMPLETE_FROZEN,"Complete PQA-L labeled population; shared 3,358-section corpus.",1000,1000,decision_accuracy,0.646,,,,,1000,0.5801666666666664,0.3319808648521197,0.73,1.272,2.991,1.737,1000,gold_document_recall_at_5,0.567894444444444,mrr_at_5,0.9771166666666666,1000,mean_pairwise_cosine_distance_top5,0.5959717054069043,0.0532594844053563,,,,,
pubmedqa,train,FULL_SPLIT_SOURCE_ORDER,1000,qiaojin/PubMedQA pqa_labeled,3358,context_section,colbertv2,dpp_map,dpp,MAP,ministral-3-14b,qwen3.6-36b,20,5,0,256,1000,NO,COMPLETE_FROZEN,"Complete PQA-L labeled population; shared 3,358-section corpus.",1000,1000,decision_accuracy,0.611,,,,,1000,0.619,0.3636605928672813,0.593,1.304,2.035,1.262,1000,gold_document_recall_at_5,0.567894444444444,mrr_at_5,0.9771166666666666,1000,mean_pairwise_cosine_distance_top5,0.5959717054069043,0.0532594844053563,,,,,
hotpotqa,test,OFFICIAL_TEST_FULL,7405,BeIR/hotpotqa,5233329,document,bm25,none,none,,gemma4-26b,gemma4-26b,20,5,0,256,7405,YES,COMPLETE_FROZEN,Corpus-level BEIR retrieval; not distractor setting.,7405,7388,mean_f1,0.3635655921406165,mean_em,0.2763941526800216,,,7388,0.5833784515430428,0.4930323883359151,0.4166215484569572,1.1617487818083378,1.0,0.5833784515430428,7405,supporting_document_recall_at_5,0.437272113436867,both_supporting_documents_retrieved_rate,0.1553004726536124,7405,mean_pairwise_cosine_distance_top5,0.5380384193078076,0.1007768286855515,,,,,
hotpotqa,test,OFFICIAL_TEST_FULL,7405,BeIR/hotpotqa,5233329,document,bm25,none,none,,llama-3.3-70b,llama-3.3-70b,20,5,0,256,7405,YES,COMPLETE_FROZEN,Corpus-level BEIR retrieval; not distractor setting.,7405,7354,mean_f1,0.522997851838201,mean_em,0.3977427250475931,,,7354,0.6100081588251292,0.4877812613138725,0.3899918411748708,1.036034810987218,1.0,0.6100081588251292,7405,supporting_document_recall_at_5,0.437272113436867,both_supporting_documents_retrieved_rate,0.1553004726536124,7405,mean_pairwise_cosine_distance_top5,0.5380384193078076,0.1007768286855515,,,,,
hotpotqa,test,OFFICIAL_TEST_FULL,7405,BeIR/hotpotqa,5233329,document,bm25,none,none,,ministral-3-14b,qwen3.6-36b,20,5,0,256,7405,YES,COMPLETE_FROZEN,Corpus-level BEIR retrieval; not distractor setting.,7405,7251,mean_f1,0.5089971680822464,mean_em,0.3890497862363812,,,7251,0.6319128396083299,0.4823184480895744,0.3680871603916701,1.073507102468625,1.0,0.6319128396083299,7405,supporting_document_recall_at_5,0.437272113436867,both_supporting_documents_retrieved_rate,0.1553004726536124,7405,mean_pairwise_cosine_distance_top5,0.5380384193078076,0.1007768286855515,,,,,
hotpotqa,test,OFFICIAL_TEST_FULL,7405,BeIR/hotpotqa,5233329,document,bm25,mmr_0,mmr,lambda=0,gemma4-26b,gemma4-26b,20,5,0,256,7405,NO,COMPLETE_FROZEN,Corpus-level BEIR retrieval; not distractor setting.,7405,7387,mean_f1,0.289558339251911,mean_em,0.2147015026397725,,,7387,0.5236225802084743,0.4994754708417616,0.4763774197915256,1.0437254636523623,1.0,0.5236225802084743,7405,supporting_document_recall_at_5,0.3278190411883862,both_supporting_documents_retrieved_rate,0.0279540850776502,7405,mean_pairwise_cosine_distance_top5,0.6501714904573139,0.072129028774009,,,,,
hotpotqa,test,OFFICIAL_TEST_FULL,7405,BeIR/hotpotqa,5233329,document,bm25,mmr_0,mmr,lambda=0,llama-3.3-70b,llama-3.3-70b,20,5,0,256,7405,NO,COMPLETE_FROZEN,Corpus-level BEIR retrieval; not distractor setting.,7405,7356,mean_f1,0.4896115193331289,mean_em,0.3708537248504622,,,7356,0.6029091897770528,0.4893283654809717,0.3970908102229472,0.9975530179445352,1.0,0.6029091897770528,7405,supporting_document_recall_at_5,0.3278190411883862,both_supporting_documents_retrieved_rate,0.0279540850776502,7405,mean_pairwise_cosine_distance_top5,0.6501714904573139,0.072129028774009,,,,,
hotpotqa,test,OFFICIAL_TEST_FULL,7405,BeIR/hotpotqa,5233329,document,bm25,mmr_0,mmr,lambda=0,ministral-3-14b,qwen3.6-36b,20,5,0,256,7405,NO,COMPLETE_FROZEN,Corpus-level BEIR retrieval; not distractor setting.,7405,7229,mean_f1,0.4717254595749499,mean_em,0.3546825287038317,,,7229,0.6277493429243326,0.4834381400194092,0.3722506570756674,1.0402545303638124,1.0,0.6277493429243326,7405,supporting_document_recall_at_5,0.3278190411883862,both_supporting_documents_retrieved_rate,0.0279540850776502,7405,mean_pairwise_cosine_distance_top5,0.6501714904573139,0.072129028774009,,,,,
hotpotqa,test,OFFICIAL_TEST_FULL,7405,BeIR/hotpotqa,5233329,document,bm25,mmr_0.25,mmr,lambda=0.25,gemma4-26b,gemma4-26b,20,5,0,256,7405,NO,COMPLETE_FROZEN,Corpus-level BEIR retrieval; not distractor setting.,7405,7381,mean_f1,0.335966306755446,mean_em,0.2560628641105541,,,7381,0.5690285869123425,0.4952456803153608,0.4309714130876575,1.118276656279637,1.0,0.5690285869123425,7405,supporting_document_recall_at_5,0.3914247130317353,both_supporting_documents_retrieved_rate,0.0941255908170155,7405,mean_pairwise_cosine_distance_top5,0.6234550777156155,0.0778132126399382,,,,,
hotpotqa,test,OFFICIAL_TEST_FULL,7405,BeIR/hotpotqa,5233329,document,bm25,mmr_0.25,mmr,lambda=0.25,llama-3.3-70b,llama-3.3-70b,20,5,0,256,7405,NO,COMPLETE_FROZEN,Corpus-level BEIR retrieval; not distractor setting.,7405,7341,mean_f1,0.5119456459850471,mean_em,0.3904100258820324,,,7341,0.6178994687372292,0.4859340299312469,0.3821005312627707,1.0167552104617898,1.0,0.6178994687372292,7405,supporting_document_recall_at_5,0.3914247130317353,both_supporting_documents_retrieved_rate,0.0941255908170155,7405,mean_pairwise_cosine_distance_top5,0.6234550777156155,0.0778132126399382,,,,,
hotpotqa,test,OFFICIAL_TEST_FULL,7405,BeIR/hotpotqa,5233329,document,bm25,mmr_0.25,mmr,lambda=0.25,ministral-3-14b,qwen3.6-36b,20,5,0,256,7405,NO,COMPLETE_FROZEN,Corpus-level BEIR retrieval; not distractor setting.,7405,7241,mean_f1,0.4981423589111928,mean_em,0.3793674906780831,,,7241,0.6377572158541638,0.4806816604856849,0.3622427841458362,1.0437784836348571,1.0,0.6377572158541638,7405,supporting_document_recall_at_5,0.3914247130317353,both_supporting_documents_retrieved_rate,0.0941255908170155,7405,mean_pairwise_cosine_distance_top5,0.6234550777156155,0.0778132126399382,,,,,
hotpotqa,test,OFFICIAL_TEST_FULL,7405,BeIR/hotpotqa,5233329,document,bm25,mmr_0.5,mmr,lambda=0.5,gemma4-26b,gemma4-26b,20,5,0,256,7405,NO,COMPLETE_FROZEN,Corpus-level BEIR retrieval; not distractor setting.,7405,7387,mean_f1,0.3544742662442487,mean_em,0.2677677000135373,,,7387,0.5814268309191823,0.4933585119747632,0.4185731690808176,1.1506700961147962,1.0,0.5814268309191823,7405,supporting_document_recall_at_5,0.4270087778528021,both_supporting_documents_retrieved_rate,0.1390952059419311,7405,mean_pairwise_cosine_distance_top5,0.5808103562900538,0.0920836245418136,,,,,
hotpotqa,test,OFFICIAL_TEST_FULL,7405,BeIR/hotpotqa,5233329,document,bm25,mmr_0.5,mmr,lambda=0.5,llama-3.3-70b,llama-3.3-70b,20,5,0,256,7405,NO,COMPLETE_FROZEN,Corpus-level BEIR retrieval; not distractor setting.,7405,7348,mean_f1,0.5213101254539787,mean_em,0.3949373979314099,,,7348,0.6183995645073489,0.4858123738305197,0.381600435492651,1.035383777898748,1.0,0.6183995645073489,7405,supporting_document_recall_at_5,0.4270087778528021,both_supporting_documents_retrieved_rate,0.1390952059419311,7405,mean_pairwise_cosine_distance_top5,0.5808103562900538,0.0920836245418136,,,,,
hotpotqa,test,OFFICIAL_TEST_FULL,7405,BeIR/hotpotqa,5233329,document,bm25,mmr_0.5,mmr,lambda=0.5,ministral-3-14b,qwen3.6-36b,20,5,0,256,7405,NO,COMPLETE_FROZEN,Corpus-level BEIR retrieval; not distractor setting.,7405,7253,mean_f1,0.5113618482767062,mean_em,0.3900454984144492,,,7253,0.639873155935475,0.4800700737287663,0.360126844064525,1.065628015993382,1.0,0.639873155935475,7405,supporting_document_recall_at_5,0.4270087778528021,both_supporting_documents_retrieved_rate,0.1390952059419311,7405,mean_pairwise_cosine_distance_top5,0.5808103562900538,0.0920836245418136,,,,,
hotpotqa,test,OFFICIAL_TEST_FULL,7405,BeIR/hotpotqa,5233329,document,bm25,mmr_0.75,mmr,lambda=0.75,gemma4-26b,gemma4-26b,20,5,0,256,7405,NO,COMPLETE_FROZEN,Corpus-level BEIR retrieval; not distractor setting.,7405,7389,mean_f1,0.3613834055139833,mean_em,0.2732440113682501,,,7389,0.5805927730410069,0.493495455334823,0.4194072269589931,1.1408850994721884,1.0,0.5805927730410069,7405,supporting_document_recall_at_5,0.4358541525995948,both_supporting_documents_retrieved_rate,0.1525995948683322,7405,mean_pairwise_cosine_distance_top5,0.554166613449767,0.0979962496019483,,,,,
hotpotqa,test,OFFICIAL_TEST_FULL,7405,BeIR/hotpotqa,5233329,document,bm25,mmr_0.75,mmr,lambda=0.75,llama-3.3-70b,llama-3.3-70b,20,5,0,256,7405,NO,COMPLETE_FROZEN,Corpus-level BEIR retrieval; not distractor setting.,7405,7349,mean_f1,0.5227551011352298,mean_em,0.3974690434072663,,,7349,0.6124642808545381,0.4872207785812769,0.387535719145462,1.0302081915906929,1.0,0.6124642808545381,7405,supporting_document_recall_at_5,0.4358541525995948,both_supporting_documents_retrieved_rate,0.1525995948683322,7405,mean_pairwise_cosine_distance_top5,0.554166613449767,0.0979962496019483,,,,,
hotpotqa,test,OFFICIAL_TEST_FULL,7405,BeIR/hotpotqa,5233329,document,bm25,mmr_0.75,mmr,lambda=0.75,ministral-3-14b,qwen3.6-36b,20,5,0,256,7405,NO,COMPLETE_FROZEN,Corpus-level BEIR retrieval; not distractor setting.,7405,7248,mean_f1,0.508066180041498,mean_em,0.3883830022075055,,,7248,0.6367273730684326,0.4809756156867196,0.3632726269315673,1.073537527593819,1.0,0.6367273730684326,7405,supporting_document_recall_at_5,0.4358541525995948,both_supporting_documents_retrieved_rate,0.1525995948683322,7405,mean_pairwise_cosine_distance_top5,0.554166613449767,0.0979962496019483,,,,,
hotpotqa,test,OFFICIAL_TEST_FULL,7405,BeIR/hotpotqa,5233329,document,bm25,kmeans_k2,kmeans,k=2,gemma4-26b,gemma4-26b,20,5,0,256,7405,NO,COMPLETE_FROZEN,Corpus-level BEIR retrieval; not distractor setting.,7405,7386,mean_f1,0.3565193540520212,mean_em,0.268480909829407,,,7386,0.5729759003520173,0.4946793398251694,0.4270240996479826,1.1298402382886543,1.0,0.5729759003520173,7405,supporting_document_recall_at_5,0.4276164753544902,both_supporting_documents_retrieved_rate,0.1469277515192437,7405,mean_pairwise_cosine_distance_top5,0.5631965974299269,0.0871067670141072,,,,,
hotpotqa,test,OFFICIAL_TEST_FULL,7405,BeIR/hotpotqa,5233329,document,bm25,kmeans_k2,kmeans,k=2,llama-3.3-70b,llama-3.3-70b,20,5,0,256,7405,NO,COMPLETE_FROZEN,Corpus-level BEIR retrieval; not distractor setting.,7405,7357,mean_f1,0.5214877381416195,mean_em,0.3985320103302976,,,7357,0.609895337773549,0.4878066818018247,0.390104662226451,1.0259616691586244,1.0,0.609895337773549,7405,supporting_document_recall_at_5,0.4276164753544902,both_supporting_documents_retrieved_rate,0.1469277515192437,7405,mean_pairwise_cosine_distance_top5,0.5631965974299269,0.0871067670141072,,,,,
hotpotqa,test,OFFICIAL_TEST_FULL,7405,BeIR/hotpotqa,5233329,document,bm25,kmeans_k2,kmeans,k=2,ministral-3-14b,qwen3.6-36b,20,5,0,256,7405,NO,COMPLETE_FROZEN,Corpus-level BEIR retrieval; not distractor setting.,7405,7243,mean_f1,0.5110570862479724,mean_em,0.3904459478116802,,,7243,0.6283308021538037,0.4832840282917904,0.3716691978461963,1.0630954024575452,1.0,0.6283308021538037,7405,supporting_document_recall_at_5,0.4276164753544902,both_supporting_documents_retrieved_rate,0.1469277515192437,7405,mean_pairwise_cosine_distance_top5,0.5631965974299269,0.0871067670141072,,,,,
hotpotqa,test,OFFICIAL_TEST_FULL,7405,BeIR/hotpotqa,5233329,document,bm25,agglo_k3,agglomerative,k=3,gemma4-26b,gemma4-26b,20,5,0,256,7405,NO,COMPLETE_FROZEN,Corpus-level BEIR retrieval; not distractor setting.,7405,7391,mean_f1,0.359131724511439,mean_em,0.27222297388716,,,7391,0.5793532674874847,0.4936962997116042,0.4206467325125152,1.1328642944121228,1.0,0.5793532674874847,7405,supporting_document_recall_at_5,0.4233625928426738,both_supporting_documents_retrieved_rate,0.1411208642808913,7405,mean_pairwise_cosine_distance_top5,0.5745721747994342,0.0799834314773791,,,,,
hotpotqa,test,OFFICIAL_TEST_FULL,7405,BeIR/hotpotqa,5233329,document,bm25,agglo_k3,agglomerative,k=3,llama-3.3-70b,llama-3.3-70b,20,5,0,256,7405,NO,COMPLETE_FROZEN,Corpus-level BEIR retrieval; not distractor setting.,7405,7354,mean_f1,0.5216825188477534,mean_em,0.3967908621158553,,,7354,0.6165352189284743,0.4862629901091419,0.3834647810715257,1.0125101985314116,1.0,0.6165352189284743,7405,supporting_document_recall_at_5,0.4233625928426738,both_supporting_documents_retrieved_rate,0.1411208642808913,7405,mean_pairwise_cosine_distance_top5,0.5745721747994342,0.0799834314773791,,,,,
hotpotqa,test,OFFICIAL_TEST_FULL,7405,BeIR/hotpotqa,5233329,document,bm25,agglo_k3,agglomerative,k=3,ministral-3-14b,qwen3.6-36b,20,5,0,256,7405,NO,COMPLETE_FROZEN,Corpus-level BEIR retrieval; not distractor setting.,7405,7249,mean_f1,0.5114032336283281,mean_em,0.3905366257414815,,,7249,0.6333287349979307,0.4819289243061163,0.3666712650020692,1.0393157676920954,1.0,0.6333287349979307,7405,supporting_document_recall_at_5,0.4233625928426738,both_supporting_documents_retrieved_rate,0.1411208642808913,7405,mean_pairwise_cosine_distance_top5,0.5745721747994342,0.0799834314773791,,,,,
hotpotqa,test,OFFICIAL_TEST_FULL,7405,BeIR/hotpotqa,5233329,document,bm25,dpp_map,dpp,MAP,gemma4-26b,gemma4-26b,20,5,0,256,7405,NO,COMPLETE_FROZEN,Corpus-level BEIR retrieval; not distractor setting.,7405,7386,mean_f1,0.3514548785864937,mean_em,0.2655023016517736,,,7386,0.5839425940969402,0.4929366482166133,0.4160574059030598,1.156376929325751,1.0,0.5839425940969402,7405,supporting_document_recall_at_5,0.4175557056043214,both_supporting_documents_retrieved_rate,0.125320729237002,7405,mean_pairwise_cosine_distance_top5,0.605225267147068,0.0749009750821041,,,,,
hotpotqa,test,OFFICIAL_TEST_FULL,7405,BeIR/hotpotqa,5233329,document,bm25,dpp_map,dpp,MAP,llama-3.3-70b,llama-3.3-70b,20,5,0,256,7405,NO,COMPLETE_FROZEN,Corpus-level BEIR retrieval; not distractor setting.,7405,7355,mean_f1,0.5175926360101647,mean_em,0.3926580557443915,,,7355,0.6240652617267165,0.4843962354323756,0.3759347382732835,1.0261046906866078,1.0,0.6240652617267165,7405,supporting_document_recall_at_5,0.4175557056043214,both_supporting_documents_retrieved_rate,0.125320729237002,7405,mean_pairwise_cosine_distance_top5,0.605225267147068,0.0749009750821041,,,,,
hotpotqa,test,OFFICIAL_TEST_FULL,7405,BeIR/hotpotqa,5233329,document,bm25,dpp_map,dpp,MAP,ministral-3-14b,qwen3.6-36b,20,5,0,256,7405,NO,COMPLETE_FROZEN,Corpus-level BEIR retrieval; not distractor setting.,7405,7264,mean_f1,0.5074879824417408,mean_em,0.3858755506607929,,,7264,0.6477147577092511,0.4777151527563946,0.3522852422907489,1.0697962555066078,1.0,0.6477147577092511,7405,supporting_document_recall_at_5,0.4175557056043214,both_supporting_documents_retrieved_rate,0.125320729237002,7405,mean_pairwise_cosine_distance_top5,0.605225267147068,0.0749009750821041,,,,,
hotpotqa,test,OFFICIAL_TEST_FULL,7405,BeIR/hotpotqa,5233329,document,dpr,none,none,,gemma4-26b,gemma4-26b,20,5,0,256,7405,YES,COMPLETE_FROZEN,Corpus-level BEIR retrieval; not distractor setting.,7405,7392,mean_f1,0.2498659311042811,mean_em,0.1838474025974026,,,7392,0.4840367965367965,0.4997789177024234,0.5159632034632035,1.000405844155844,1.0,0.4840367965367965,7405,supporting_document_recall_at_5,0.2810263335584065,both_supporting_documents_retrieved_rate,0.0694125590817015,7405,mean_pairwise_cosine_distance_top5,0.5778075500447392,0.0862985037193464,,,,,
hotpotqa,test,OFFICIAL_TEST_FULL,7405,BeIR/hotpotqa,5233329,document,dpr,none,none,,llama-3.3-70b,llama-3.3-70b,20,5,0,256,7405,YES,COMPLETE_FROZEN,Corpus-level BEIR retrieval; not distractor setting.,7405,7359,mean_f1,0.4589386632283477,mean_em,0.348009240385922,,,7359,0.633238211713548,0.481953465486151,0.3667617882864519,1.2257100149476832,1.0,0.633238211713548,7405,supporting_document_recall_at_5,0.2810263335584065,both_supporting_documents_retrieved_rate,0.0694125590817015,7405,mean_pairwise_cosine_distance_top5,0.5778075500447392,0.0862985037193464,,,,,
hotpotqa,test,OFFICIAL_TEST_FULL,7405,BeIR/hotpotqa,5233329,document,dpr,none,none,,ministral-3-14b,qwen3.6-36b,20,5,0,256,7405,YES,COMPLETE_FROZEN,Corpus-level BEIR retrieval; not distractor setting.,7405,7221,mean_f1,0.4401173518105892,mean_em,0.3277939343581221,,,7221,0.6591884780501316,0.4740149202978855,0.3408115219498684,1.2589669020911232,1.0,0.6591884780501316,7405,supporting_document_recall_at_5,0.2810263335584065,both_supporting_documents_retrieved_rate,0.0694125590817015,7405,mean_pairwise_cosine_distance_top5,0.5778075500447392,0.0862985037193464,,,,,
hotpotqa,test,OFFICIAL_TEST_FULL,7405,BeIR/hotpotqa,5233329,document,dpr,mmr_0,mmr,lambda=0,gemma4-26b,gemma4-26b,20,5,0,256,7405,NO,COMPLETE_FROZEN,Corpus-level BEIR retrieval; not distractor setting.,7405,7393,mean_f1,0.1897006800515404,mean_em,0.1372920330041931,,,7393,0.4298660895441634,0.495090284224095,0.5701339104558366,0.8880021642093873,1.0,0.4298660895441634,7405,supporting_document_recall_at_5,0.1968264686022957,both_supporting_documents_retrieved_rate,0.0064821066846725,7405,mean_pairwise_cosine_distance_top5,0.6771573651046225,0.0583718687523024,,,,,
hotpotqa,test,OFFICIAL_TEST_FULL,7405,BeIR/hotpotqa,5233329,document,dpr,mmr_0,mmr,lambda=0,llama-3.3-70b,llama-3.3-70b,20,5,0,256,7405,NO,COMPLETE_FROZEN,Corpus-level BEIR retrieval; not distractor setting.,7405,7347,mean_f1,0.4326340507973727,mean_em,0.3259833945828229,,,7347,0.6348169320811216,0.4815142290032512,0.3651830679188784,1.2809309922417311,1.0,0.6348169320811216,7405,supporting_document_recall_at_5,0.1968264686022957,both_supporting_documents_retrieved_rate,0.0064821066846725,7405,mean_pairwise_cosine_distance_top5,0.6771573651046225,0.0583718687523024,,,,,
hotpotqa,test,OFFICIAL_TEST_FULL,7405,BeIR/hotpotqa,5233329,document,dpr,mmr_0,mmr,lambda=0,ministral-3-14b,qwen3.6-36b,20,5,0,256,7405,NO,COMPLETE_FROZEN,Corpus-level BEIR retrieval; not distractor setting.,7405,7198,mean_f1,0.4088488115169555,mean_em,0.3035565434843012,,,7198,0.6639344262295082,0.4723944394971837,0.3360655737704918,1.2950819672131149,1.0,0.6639344262295082,7405,supporting_document_recall_at_5,0.1968264686022957,both_supporting_documents_retrieved_rate,0.0064821066846725,7405,mean_pairwise_cosine_distance_top5,0.6771573651046225,0.0583718687523024,,,,,
hotpotqa,test,OFFICIAL_TEST_FULL,7405,BeIR/hotpotqa,5233329,document,dpr,mmr_0.25,mmr,lambda=0.25,gemma4-26b,gemma4-26b,20,5,0,256,7405,NO,COMPLETE_FROZEN,Corpus-level BEIR retrieval; not distractor setting.,7405,7393,mean_f1,0.2293526161113002,mean_em,0.1663735966454754,,,7393,0.4723386987691059,0.4992680334753152,0.527661301230894,0.970783173272014,1.0,0.4723386987691059,7405,supporting_document_recall_at_5,0.2454422687373396,both_supporting_documents_retrieved_rate,0.0351114112086428,7405,mean_pairwise_cosine_distance_top5,0.6408865183954059,0.064888687186391,,,,,
hotpotqa,test,OFFICIAL_TEST_FULL,7405,BeIR/hotpotqa,5233329,document,dpr,mmr_0.25,mmr,lambda=0.25,llama-3.3-70b,llama-3.3-70b,20,5,0,256,7405,NO,COMPLETE_FROZEN,Corpus-level BEIR retrieval; not distractor setting.,7405,7351,mean_f1,0.4510652099709001,mean_em,0.3403618555298598,,,7351,0.638144470140117,0.4805699975309526,0.361855529859883,1.252210583594069,1.0,0.638144470140117,7405,supporting_document_recall_at_5,0.2454422687373396,both_supporting_documents_retrieved_rate,0.0351114112086428,7405,mean_pairwise_cosine_distance_top5,0.6408865183954059,0.064888687186391,,,,,
hotpotqa,test,OFFICIAL_TEST_FULL,7405,BeIR/hotpotqa,5233329,document,dpr,mmr_0.25,mmr,lambda=0.25,ministral-3-14b,qwen3.6-36b,20,5,0,256,7405,NO,COMPLETE_FROZEN,Corpus-level BEIR retrieval; not distractor setting.,7405,7210,mean_f1,0.4259139131282136,mean_em,0.3149791955617198,,,7210,0.6651872399445214,0.4719576988754638,0.3348127600554785,1.2714285714285714,1.0,0.6651872399445214,7405,supporting_document_recall_at_5,0.2454422687373396,both_supporting_documents_retrieved_rate,0.0351114112086428,7405,mean_pairwise_cosine_distance_top5,0.6408865183954059,0.064888687186391,,,,,
hotpotqa,test,OFFICIAL_TEST_FULL,7405,BeIR/hotpotqa,5233329,document,dpr,mmr_0.5,mmr,lambda=0.5,gemma4-26b,gemma4-26b,20,5,0,256,7405,NO,COMPLETE_FROZEN,Corpus-level BEIR retrieval; not distractor setting.,7405,7390,mean_f1,0.241336413180181,mean_em,0.1751014884979702,,,7390,0.4830852503382949,0.4997476229064637,0.516914749661705,1.0001353179972936,1.0,0.4830852503382949,7405,supporting_document_recall_at_5,0.2706954760297096,both_supporting_documents_retrieved_rate,0.0572586090479405,7405,mean_pairwise_cosine_distance_top5,0.6042855796682762,0.0772108814798254,,,,,
hotpotqa,test,OFFICIAL_TEST_FULL,7405,BeIR/hotpotqa,5233329,document,dpr,mmr_0.5,mmr,lambda=0.5,llama-3.3-70b,llama-3.3-70b,20,5,0,256,7405,NO,COMPLETE_FROZEN,Corpus-level BEIR retrieval; not distractor setting.,7405,7345,mean_f1,0.4584527131277679,mean_em,0.3478556841388699,,,7345,0.6423417290673927,0.4793434204063141,0.3576582709326072,1.2499659632402995,1.0,0.6423417290673927,7405,supporting_document_recall_at_5,0.2706954760297096,both_supporting_documents_retrieved_rate,0.0572586090479405,7405,mean_pairwise_cosine_distance_top5,0.6042855796682762,0.0772108814798254,,,,,
hotpotqa,test,OFFICIAL_TEST_FULL,7405,BeIR/hotpotqa,5233329,document,dpr,mmr_0.5,mmr,lambda=0.5,ministral-3-14b,qwen3.6-36b,20,5,0,256,7405,NO,COMPLETE_FROZEN,Corpus-level BEIR retrieval; not distractor setting.,7405,7230,mean_f1,0.4351855289116421,mean_em,0.3239280774550484,,,7230,0.6647302904564315,0.4721173165188689,0.3352697095435684,1.2737206085753805,1.0,0.6647302904564315,7405,supporting_document_recall_at_5,0.2706954760297096,both_supporting_documents_retrieved_rate,0.0572586090479405,7405,mean_pairwise_cosine_distance_top5,0.6042855796682762,0.0772108814798254,,,,,
hotpotqa,test,OFFICIAL_TEST_FULL,7405,BeIR/hotpotqa,5233329,document,dpr,mmr_0.75,mmr,lambda=0.75,gemma4-26b,gemma4-26b,20,5,0,256,7405,NO,COMPLETE_FROZEN,Corpus-level BEIR retrieval; not distractor setting.,7405,7394,mean_f1,0.2474761195581375,mean_em,0.1819042466865025,,,7394,0.4832296456586421,0.4997524716746312,0.5167703543413579,0.9906681092777928,1.0,0.4832296456586421,7405,supporting_document_recall_at_5,0.2783254557731263,both_supporting_documents_retrieved_rate,0.0663065496286293,7405,mean_pairwise_cosine_distance_top5,0.5868257417037308,0.0835622115233787,,,,,
hotpotqa,test,OFFICIAL_TEST_FULL,7405,BeIR/hotpotqa,5233329,document,dpr,mmr_0.75,mmr,lambda=0.75,llama-3.3-70b,llama-3.3-70b,20,5,0,256,7405,NO,COMPLETE_FROZEN,Corpus-level BEIR retrieval; not distractor setting.,7405,7352,mean_f1,0.4578279162265619,mean_em,0.3463003264417845,,,7352,0.6366974972796517,0.4809836392443922,0.3633025027203482,1.2385745375408053,1.0,0.6366974972796517,7405,supporting_document_recall_at_5,0.2783254557731263,both_supporting_documents_retrieved_rate,0.0663065496286293,7405,mean_pairwise_cosine_distance_top5,0.5868257417037308,0.0835622115233787,,,,,
hotpotqa,test,OFFICIAL_TEST_FULL,7405,BeIR/hotpotqa,5233329,document,dpr,mmr_0.75,mmr,lambda=0.75,ministral-3-14b,qwen3.6-36b,20,5,0,256,7405,NO,COMPLETE_FROZEN,Corpus-level BEIR retrieval; not distractor setting.,7405,7210,mean_f1,0.4383745917630316,mean_em,0.3251040221914008,,,7210,0.6575589459084604,0.4745591784492876,0.3424410540915395,1.2597780859916785,1.0,0.6575589459084604,7405,supporting_document_recall_at_5,0.2783254557731263,both_supporting_documents_retrieved_rate,0.0663065496286293,7405,mean_pairwise_cosine_distance_top5,0.5868257417037308,0.0835622115233787,,,,,
hotpotqa,test,OFFICIAL_TEST_FULL,7405,BeIR/hotpotqa,5233329,document,dpr,kmeans_k2,kmeans,k=2,gemma4-26b,gemma4-26b,20,5,0,256,7405,NO,COMPLETE_FROZEN,Corpus-level BEIR retrieval; not distractor setting.,7405,7393,mean_f1,0.2457254997169579,mean_em,0.1807114838360611,,,7393,0.4755850128499932,0.4994373315128615,0.5244149871500068,0.9916136886243744,1.0,0.4755850128499932,7405,supporting_document_recall_at_5,0.2735313977042539,both_supporting_documents_retrieved_rate,0.0649561107359892,7405,mean_pairwise_cosine_distance_top5,0.5929864573366009,0.0781928874397645,,,,,
hotpotqa,test,OFFICIAL_TEST_FULL,7405,BeIR/hotpotqa,5233329,document,dpr,kmeans_k2,kmeans,k=2,llama-3.3-70b,llama-3.3-70b,20,5,0,256,7405,NO,COMPLETE_FROZEN,Corpus-level BEIR retrieval; not distractor setting.,7405,7332,mean_f1,0.4566630510498512,mean_em,0.3472449536279323,,,7332,0.6288870703764321,0.4831355491707229,0.3711129296235679,1.240316421167485,1.0,0.6288870703764321,7405,supporting_document_recall_at_5,0.2735313977042539,both_supporting_documents_retrieved_rate,0.0649561107359892,7405,mean_pairwise_cosine_distance_top5,0.5929864573366009,0.0781928874397645,,,,,
hotpotqa,test,OFFICIAL_TEST_FULL,7405,BeIR/hotpotqa,5233329,document,dpr,kmeans_k2,kmeans,k=2,ministral-3-14b,qwen3.6-36b,20,5,0,256,7405,NO,COMPLETE_FROZEN,Corpus-level BEIR retrieval; not distractor setting.,7405,7190,mean_f1,0.4368016283737582,mean_em,0.3273991655076495,,,7190,0.6496522948539638,0.4771119896917571,0.3503477051460361,1.2446453407510432,1.0,0.6496522948539638,7405,supporting_document_recall_at_5,0.2735313977042539,both_supporting_documents_retrieved_rate,0.0649561107359892,7405,mean_pairwise_cosine_distance_top5,0.5929864573366009,0.0781928874397645,,,,,
hotpotqa,test,OFFICIAL_TEST_FULL,7405,BeIR/hotpotqa,5233329,document,dpr,agglo_k3,agglomerative,k=3,gemma4-26b,gemma4-26b,20,5,0,256,7405,NO,COMPLETE_FROZEN,Corpus-level BEIR retrieval; not distractor setting.,7405,7388,mean_f1,0.2482568693133698,mean_em,0.183676231727125,,,7388,0.4840281537628587,0.4997786598408097,0.5159718462371413,1.0032485110990796,1.0,0.4840281537628587,7405,supporting_document_recall_at_5,0.2708980418636056,both_supporting_documents_retrieved_rate,0.0640108035111411,7405,mean_pairwise_cosine_distance_top5,0.602468617136699,0.0717538943116416,,,,,
hotpotqa,test,OFFICIAL_TEST_FULL,7405,BeIR/hotpotqa,5233329,document,dpr,agglo_k3,agglomerative,k=3,llama-3.3-70b,llama-3.3-70b,20,5,0,256,7405,NO,COMPLETE_FROZEN,Corpus-level BEIR retrieval; not distractor setting.,7405,7346,mean_f1,0.4573564128918454,mean_em,0.3450857609583447,,,7346,0.6384426898992649,0.4804841817661588,0.3615573101007351,1.227742989381977,1.0,0.6384426898992649,7405,supporting_document_recall_at_5,0.2708980418636056,both_supporting_documents_retrieved_rate,0.0640108035111411,7405,mean_pairwise_cosine_distance_top5,0.602468617136699,0.0717538943116416,,,,,
hotpotqa,test,OFFICIAL_TEST_FULL,7405,BeIR/hotpotqa,5233329,document,dpr,agglo_k3,agglomerative,k=3,ministral-3-14b,qwen3.6-36b,20,5,0,256,7405,NO,COMPLETE_FROZEN,Corpus-level BEIR retrieval; not distractor setting.,7405,7211,mean_f1,0.4359395801620007,mean_em,0.3240881985854943,,,7211,0.659131881847178,0.4740339714033513,0.3408681181528221,1.2458743586187768,1.0,0.659131881847178,7405,supporting_document_recall_at_5,0.2708980418636056,both_supporting_documents_retrieved_rate,0.0640108035111411,7405,mean_pairwise_cosine_distance_top5,0.602468617136699,0.0717538943116416,,,,,
hotpotqa,test,OFFICIAL_TEST_FULL,7405,BeIR/hotpotqa,5233329,document,dpr,dpp_map,dpp,MAP,gemma4-26b,gemma4-26b,20,5,0,256,7405,NO,COMPLETE_FROZEN,Corpus-level BEIR retrieval; not distractor setting.,7405,7392,mean_f1,0.2389963517812734,mean_em,0.1735660173160173,,,7392,0.4810606060606061,0.4996749701028918,0.5189393939393939,0.996888528138528,1.0,0.4810606060606061,7405,supporting_document_recall_at_5,0.2622552329507089,both_supporting_documents_retrieved_rate,0.0492910195813639,7405,mean_pairwise_cosine_distance_top5,0.6211232584928195,0.0649428815341164,,,,,
hotpotqa,test,OFFICIAL_TEST_FULL,7405,BeIR/hotpotqa,5233329,document,dpr,dpp_map,dpp,MAP,llama-3.3-70b,llama-3.3-70b,20,5,0,256,7405,NO,COMPLETE_FROZEN,Corpus-level BEIR retrieval; not distractor setting.,7405,7343,mean_f1,0.4558013805723327,mean_em,0.3461800354078714,,,7343,0.64578510145717,0.4783072862761867,0.3542148985428299,1.2518044396023424,1.0,0.64578510145717,7405,supporting_document_recall_at_5,0.2622552329507089,both_supporting_documents_retrieved_rate,0.0492910195813639,7405,mean_pairwise_cosine_distance_top5,0.6211232584928195,0.0649428815341164,,,,,
hotpotqa,test,OFFICIAL_TEST_FULL,7405,BeIR/hotpotqa,5233329,document,dpr,dpp_map,dpp,MAP,ministral-3-14b,qwen3.6-36b,20,5,0,256,7405,NO,COMPLETE_FROZEN,Corpus-level BEIR retrieval; not distractor setting.,7405,7228,mean_f1,0.4344903686011145,mean_em,0.3224958494742667,,,7228,0.6712783619258439,0.4697810723897039,0.328721638074156,1.2772551189817376,1.0,0.6712783619258439,7405,supporting_document_recall_at_5,0.2622552329507089,both_supporting_documents_retrieved_rate,0.0492910195813639,7405,mean_pairwise_cosine_distance_top5,0.6211232584928195,0.0649428815341164,,,,,
hotpotqa,test,OFFICIAL_TEST_FULL,7405,BeIR/hotpotqa,5233329,document,contriever,none,none,,gemma4-26b,gemma4-26b,20,5,0,256,7405,YES,COMPLETE_FROZEN,Corpus-level BEIR retrieval; not distractor setting.,7405,7394,mean_f1,0.366679665778134,mean_em,0.2761698674601028,,,7394,0.6625642412767109,0.4728669036994272,0.3374357587232892,1.3636732485799297,1.0,0.6625642412767109,7405,supporting_document_recall_at_5,0.4594868332207967,both_supporting_documents_retrieved_rate,0.1558406482106684,7405,mean_pairwise_cosine_distance_top5,0.6194108818672159,0.1088389674513677,,,,,
hotpotqa,test,OFFICIAL_TEST_FULL,7405,BeIR/hotpotqa,5233329,document,contriever,none,none,,llama-3.3-70b,llama-3.3-70b,20,5,0,256,7405,YES,COMPLETE_FROZEN,Corpus-level BEIR retrieval; not distractor setting.,7405,7344,mean_f1,0.5305844350814118,mean_em,0.4038671023965142,,,7344,0.721541394335512,0.4482708697084682,0.278458605664488,1.3235294117647058,1.0,0.721541394335512,7405,supporting_document_recall_at_5,0.4594868332207967,both_supporting_documents_retrieved_rate,0.1558406482106684,7405,mean_pairwise_cosine_distance_top5,0.6194108818672159,0.1088389674513677,,,,,
hotpotqa,test,OFFICIAL_TEST_FULL,7405,BeIR/hotpotqa,5233329,document,contriever,none,none,,ministral-3-14b,qwen3.6-36b,20,5,0,256,7405,YES,COMPLETE_FROZEN,Corpus-level BEIR retrieval; not distractor setting.,7405,7262,mean_f1,0.5228413133008607,mean_em,0.3965849628201597,,,7262,0.7360231341228312,0.4408172394602478,0.2639768658771688,1.352519966951253,1.0,0.7360231341228312,7405,supporting_document_recall_at_5,0.4594868332207967,both_supporting_documents_retrieved_rate,0.1558406482106684,7405,mean_pairwise_cosine_distance_top5,0.6194108818672159,0.1088389674513677,,,,,
hotpotqa,test,OFFICIAL_TEST_FULL,7405,BeIR/hotpotqa,5233329,document,contriever,mmr_0,mmr,lambda=0,gemma4-26b,gemma4-26b,20,5,0,256,7405,NO,COMPLETE_FROZEN,Corpus-level BEIR retrieval; not distractor setting.,7405,7393,mean_f1,0.2378399994770947,mean_em,0.1730014878939537,,,7393,0.5522791830109564,0.4972930098349639,0.4477208169890437,1.1224130934667929,1.0,0.5522791830109564,7405,supporting_document_recall_at_5,0.2888588791357191,both_supporting_documents_retrieved_rate,0.0068872383524645,7405,mean_pairwise_cosine_distance_top5,0.7448377460019964,0.061478858030378,,,,,
hotpotqa,test,OFFICIAL_TEST_FULL,7405,BeIR/hotpotqa,5233329,document,contriever,mmr_0,mmr,lambda=0,llama-3.3-70b,llama-3.3-70b,20,5,0,256,7405,NO,COMPLETE_FROZEN,Corpus-level BEIR retrieval; not distractor setting.,7405,7344,mean_f1,0.4755577463804072,mean_em,0.3585239651416122,,,7344,0.6857298474945533,0.4642561491570732,0.3142701525054466,1.2483660130718954,1.0,0.6857298474945533,7405,supporting_document_recall_at_5,0.2888588791357191,both_supporting_documents_retrieved_rate,0.0068872383524645,7405,mean_pairwise_cosine_distance_top5,0.7448377460019964,0.061478858030378,,,,,
hotpotqa,test,OFFICIAL_TEST_FULL,7405,BeIR/hotpotqa,5233329,document,contriever,mmr_0,mmr,lambda=0,ministral-3-14b,qwen3.6-36b,20,5,0,256,7405,NO,COMPLETE_FROZEN,Corpus-level BEIR retrieval; not distractor setting.,7405,7206,mean_f1,0.458107936710414,mean_em,0.3436025534276991,,,7206,0.7112128781570913,0.4532302136565019,0.2887871218429086,1.3229253399944492,1.0,0.7112128781570913,7405,supporting_document_recall_at_5,0.2888588791357191,both_supporting_documents_retrieved_rate,0.0068872383524645,7405,mean_pairwise_cosine_distance_top5,0.7448377460019964,0.061478858030378,,,,,
hotpotqa,test,OFFICIAL_TEST_FULL,7405,BeIR/hotpotqa,5233329,document,contriever,mmr_0.25,mmr,lambda=0.25,gemma4-26b,gemma4-26b,20,5,0,256,7405,NO,COMPLETE_FROZEN,Corpus-level BEIR retrieval; not distractor setting.,7405,7392,mean_f1,0.3044476545853976,mean_em,0.2272727272727272,,,7392,0.6217532467532467,0.4849824390269559,0.3782467532467532,1.2617694805194806,1.0,0.6217532467532467,7405,supporting_document_recall_at_5,0.3709655638082377,both_supporting_documents_retrieved_rate,0.0591492234976367,7405,mean_pairwise_cosine_distance_top5,0.7184005213771858,0.0659963141705445,,,,,
hotpotqa,test,OFFICIAL_TEST_FULL,7405,BeIR/hotpotqa,5233329,document,contriever,mmr_0.25,mmr,lambda=0.25,llama-3.3-70b,llama-3.3-70b,20,5,0,256,7405,NO,COMPLETE_FROZEN,Corpus-level BEIR retrieval; not distractor setting.,7405,7349,mean_f1,0.5048763233714186,mean_em,0.3842699687032249,,,7349,0.7113893046673017,0.4531473308201385,0.2886106953326983,1.279221662811267,1.0,0.7113893046673017,7405,supporting_document_recall_at_5,0.3709655638082377,both_supporting_documents_retrieved_rate,0.0591492234976367,7405,mean_pairwise_cosine_distance_top5,0.7184005213771858,0.0659963141705445,,,,,
hotpotqa,test,OFFICIAL_TEST_FULL,7405,BeIR/hotpotqa,5233329,document,contriever,mmr_0.25,mmr,lambda=0.25,ministral-3-14b,qwen3.6-36b,20,5,0,256,7405,NO,COMPLETE_FROZEN,Corpus-level BEIR retrieval; not distractor setting.,7405,7249,mean_f1,0.4926628888102188,mean_em,0.3719133673610153,,,7249,0.7392743826734722,0.4390607737336323,0.2607256173265277,1.3423920540764245,1.0,0.7392743826734722,7405,supporting_document_recall_at_5,0.3709655638082377,both_supporting_documents_retrieved_rate,0.0591492234976367,7405,mean_pairwise_cosine_distance_top5,0.7184005213771858,0.0659963141705445,,,,,
hotpotqa,test,OFFICIAL_TEST_FULL,7405,BeIR/hotpotqa,5233329,document,contriever,mmr_0.5,mmr,lambda=0.5,gemma4-26b,gemma4-26b,20,5,0,256,7405,NO,COMPLETE_FROZEN,Corpus-level BEIR retrieval; not distractor setting.,7405,7393,mean_f1,0.3460778811911554,mean_em,0.2601109157310969,,,7393,0.6504801839577979,0.4768505753713634,0.349519816042202,1.321385094007845,1.0,0.6504801839577979,7405,supporting_document_recall_at_5,0.4303848750844024,both_supporting_documents_retrieved_rate,0.1187035786630655,7405,mean_pairwise_cosine_distance_top5,0.6726786072756453,0.085897995646246,,,,,
hotpotqa,test,OFFICIAL_TEST_FULL,7405,BeIR/hotpotqa,5233329,document,contriever,mmr_0.5,mmr,lambda=0.5,llama-3.3-70b,llama-3.3-70b,20,5,0,256,7405,NO,COMPLETE_FROZEN,Corpus-level BEIR retrieval; not distractor setting.,7405,7343,mean_f1,0.5236439115550999,mean_em,0.3986109219664987,,,7343,0.7208225520904262,0.4486254669091294,0.2791774479095737,1.3036905896772435,1.0,0.7208225520904262,7405,supporting_document_recall_at_5,0.4303848750844024,both_supporting_documents_retrieved_rate,0.1187035786630655,7405,mean_pairwise_cosine_distance_top5,0.6726786072756453,0.085897995646246,,,,,
hotpotqa,test,OFFICIAL_TEST_FULL,7405,BeIR/hotpotqa,5233329,document,contriever,mmr_0.5,mmr,lambda=0.5,ministral-3-14b,qwen3.6-36b,20,5,0,256,7405,NO,COMPLETE_FROZEN,Corpus-level BEIR retrieval; not distractor setting.,7405,7264,mean_f1,0.5117058174084811,mean_em,0.3862885462555066,,,7264,0.7406387665198237,0.4383143075551354,0.2593612334801762,1.347466960352423,1.0,0.7406387665198237,7405,supporting_document_recall_at_5,0.4303848750844024,both_supporting_documents_retrieved_rate,0.1187035786630655,7405,mean_pairwise_cosine_distance_top5,0.6726786072756453,0.085897995646246,,,,,
hotpotqa,test,OFFICIAL_TEST_FULL,7405,BeIR/hotpotqa,5233329,document,contriever,mmr_0.75,mmr,lambda=0.75,gemma4-26b,gemma4-26b,20,5,0,256,7405,NO,COMPLETE_FROZEN,Corpus-level BEIR retrieval; not distractor setting.,7405,7392,mean_f1,0.3595494575744226,mean_em,0.2719155844155844,,,7392,0.6594967532467533,0.4739105070666505,0.3405032467532468,1.3368506493506491,1.0,0.6594967532467533,7405,supporting_document_recall_at_5,0.4509790681971641,both_supporting_documents_retrieved_rate,0.1466576637407157,7405,mean_pairwise_cosine_distance_top5,0.6393713889534131,0.1006674048426744,,,,,
hotpotqa,test,OFFICIAL_TEST_FULL,7405,BeIR/hotpotqa,5233329,document,contriever,mmr_0.75,mmr,lambda=0.75,llama-3.3-70b,llama-3.3-70b,20,5,0,256,7405,NO,COMPLETE_FROZEN,Corpus-level BEIR retrieval; not distractor setting.,7405,7345,mean_f1,0.5283934473928505,mean_em,0.4036759700476515,,,7345,0.720217835262083,0.4489226469619026,0.2797821647379169,1.314499659632403,1.0,0.720217835262083,7405,supporting_document_recall_at_5,0.4509790681971641,both_supporting_documents_retrieved_rate,0.1466576637407157,7405,mean_pairwise_cosine_distance_top5,0.6393713889534131,0.1006674048426744,,,,,
hotpotqa,test,OFFICIAL_TEST_FULL,7405,BeIR/hotpotqa,5233329,document,contriever,mmr_0.75,mmr,lambda=0.75,ministral-3-14b,qwen3.6-36b,20,5,0,256,7405,NO,COMPLETE_FROZEN,Corpus-level BEIR retrieval; not distractor setting.,7405,7264,mean_f1,0.5209030399953813,mean_em,0.3949614537444934,,,7264,0.7363711453744494,0.4406306957956837,0.2636288546255506,1.3488436123348018,1.0,0.7363711453744494,7405,supporting_document_recall_at_5,0.4509790681971641,both_supporting_documents_retrieved_rate,0.1466576637407157,7405,mean_pairwise_cosine_distance_top5,0.6393713889534131,0.1006674048426744,,,,,
hotpotqa,test,OFFICIAL_TEST_FULL,7405,BeIR/hotpotqa,5233329,document,contriever,kmeans_k2,kmeans,k=2,gemma4-26b,gemma4-26b,20,5,0,256,7405,NO,COMPLETE_FROZEN,Corpus-level BEIR retrieval; not distractor setting.,7405,7391,mean_f1,0.3515205260180125,mean_em,0.263699093492085,,,7391,0.6472737112704641,0.4778507596331903,0.3527262887295359,1.3133540792856175,1.0,0.6472737112704641,7405,supporting_document_recall_at_5,0.4399054692775151,both_supporting_documents_retrieved_rate,0.1363943281566509,7405,mean_pairwise_cosine_distance_top5,0.6470075829811067,0.0915312439647374,,,,,
hotpotqa,test,OFFICIAL_TEST_FULL,7405,BeIR/hotpotqa,5233329,document,contriever,kmeans_k2,kmeans,k=2,llama-3.3-70b,llama-3.3-70b,20,5,0,256,7405,NO,COMPLETE_FROZEN,Corpus-level BEIR retrieval; not distractor setting.,7405,7341,mean_f1,0.5204358061302196,mean_em,0.3950415474730963,,,7341,0.7208827135267675,0.4485958535076354,0.2791172864732325,1.3184852199972756,1.0,0.7208827135267675,7405,supporting_document_recall_at_5,0.4399054692775151,both_supporting_documents_retrieved_rate,0.1363943281566509,7405,mean_pairwise_cosine_distance_top5,0.6470075829811067,0.0915312439647374,,,,,
hotpotqa,test,OFFICIAL_TEST_FULL,7405,BeIR/hotpotqa,5233329,document,contriever,kmeans_k2,kmeans,k=2,ministral-3-14b,qwen3.6-36b,20,5,0,256,7405,NO,COMPLETE_FROZEN,Corpus-level BEIR retrieval; not distractor setting.,7405,7235,mean_f1,0.5149032715538248,mean_em,0.3900483759502419,,,7235,0.7344851416724257,0.441637494656939,0.2655148583275742,1.3394609536973048,1.0,0.7344851416724257,7405,supporting_document_recall_at_5,0.4399054692775151,both_supporting_documents_retrieved_rate,0.1363943281566509,7405,mean_pairwise_cosine_distance_top5,0.6470075829811067,0.0915312439647374,,,,,
hotpotqa,test,OFFICIAL_TEST_FULL,7405,BeIR/hotpotqa,5233329,document,contriever,agglo_k3,agglomerative,k=3,gemma4-26b,gemma4-26b,20,5,0,256,7405,NO,COMPLETE_FROZEN,Corpus-level BEIR retrieval; not distractor setting.,7405,7391,mean_f1,0.3541086142523339,mean_em,0.2658638885130564,,,7391,0.6552563929102964,0.475316757731839,0.3447436070897037,1.3291841428764717,1.0,0.6552563929102964,7405,supporting_document_recall_at_5,0.437542201215395,both_supporting_documents_retrieved_rate,0.1315327481431465,7405,mean_pairwise_cosine_distance_top5,0.657816009805019,0.0803933367588264,,,,,
hotpotqa,test,OFFICIAL_TEST_FULL,7405,BeIR/hotpotqa,5233329,document,contriever,agglo_k3,agglomerative,k=3,llama-3.3-70b,llama-3.3-70b,20,5,0,256,7405,NO,COMPLETE_FROZEN,Corpus-level BEIR retrieval; not distractor setting.,7405,7343,mean_f1,0.5268470155602195,mean_em,0.3995642108130192,,,7343,0.7170093967043443,0.45048258368824,0.2829906032956557,1.2896636252212992,1.0,0.7170093967043443,7405,supporting_document_recall_at_5,0.437542201215395,both_supporting_documents_retrieved_rate,0.1315327481431465,7405,mean_pairwise_cosine_distance_top5,0.657816009805019,0.0803933367588264,,,,,
hotpotqa,test,OFFICIAL_TEST_FULL,7405,BeIR/hotpotqa,5233329,document,contriever,agglo_k3,agglomerative,k=3,ministral-3-14b,qwen3.6-36b,20,5,0,256,7405,NO,COMPLETE_FROZEN,Corpus-level BEIR retrieval; not distractor setting.,7405,7266,mean_f1,0.5147961568786743,mean_em,0.3905862923203964,,,7266,0.7339664189375172,0.4419124252348027,0.2660335810624828,1.3183319570602807,1.0,0.7339664189375172,7405,supporting_document_recall_at_5,0.437542201215395,both_supporting_documents_retrieved_rate,0.1315327481431465,7405,mean_pairwise_cosine_distance_top5,0.657816009805019,0.0803933367588264,,,,,
hotpotqa,test,OFFICIAL_TEST_FULL,7405,BeIR/hotpotqa,5233329,document,contriever,dpp_map,dpp,MAP,gemma4-26b,gemma4-26b,20,5,0,256,7405,NO,COMPLETE_FROZEN,Corpus-level BEIR retrieval; not distractor setting.,7405,7396,mean_f1,0.3378647737952985,mean_em,0.2532449972958356,,,7396,0.6449432125473229,0.4785628807709897,0.3550567874526771,1.308139534883721,1.0,0.6449432125473229,7405,supporting_document_recall_at_5,0.4168129642133693,both_supporting_documents_retrieved_rate,0.1035786630654962,7405,mean_pairwise_cosine_distance_top5,0.6899480557578549,0.0678147611437014,,,,,
hotpotqa,test,OFFICIAL_TEST_FULL,7405,BeIR/hotpotqa,5233329,document,contriever,dpp_map,dpp,MAP,llama-3.3-70b,llama-3.3-70b,20,5,0,256,7405,NO,COMPLETE_FROZEN,Corpus-level BEIR retrieval; not distractor setting.,7405,7346,mean_f1,0.5213301984272724,mean_em,0.3974952355023142,,,7346,0.72039205009529,0.4488371285792311,0.27960794990471,1.303566566839096,1.0,0.72039205009529,7405,supporting_document_recall_at_5,0.4168129642133693,both_supporting_documents_retrieved_rate,0.1035786630654962,7405,mean_pairwise_cosine_distance_top5,0.6899480557578549,0.0678147611437014,,,,,
hotpotqa,test,OFFICIAL_TEST_FULL,7405,BeIR/hotpotqa,5233329,document,contriever,dpp_map,dpp,MAP,ministral-3-14b,qwen3.6-36b,20,5,0,256,7405,NO,COMPLETE_FROZEN,Corpus-level BEIR retrieval; not distractor setting.,7405,7258,mean_f1,0.5107680383930893,mean_em,0.3871589969688619,,,7258,0.7406999173325985,0.4382807499387108,0.2593000826674015,1.3474786442546156,1.0,0.7406999173325985,7405,supporting_document_recall_at_5,0.4168129642133693,both_supporting_documents_retrieved_rate,0.1035786630654962,7405,mean_pairwise_cosine_distance_top5,0.6899480557578549,0.0678147611437014,,,,,
hotpotqa,test,OFFICIAL_TEST_FULL,7405,BeIR/hotpotqa,5233329,document,colbertv2,none,none,,gemma4-26b,gemma4-26b,20,5,0,256,7405,YES,COMPLETE_FROZEN,Corpus-level BEIR retrieval; not distractor setting.,7405,7387,mean_f1,0.4861591602718367,mean_em,0.3706511439014485,,,7387,0.7770407472586978,0.4162593911065709,0.2229592527413023,1.6783538648977934,1.0,0.7770407472586978,7405,supporting_document_recall_at_5,0.6351789331532748,both_supporting_documents_retrieved_rate,0.3349088453747468,7405,mean_pairwise_cosine_distance_top5,0.5356632652162379,0.0931765563037007,,,,,
hotpotqa,test,OFFICIAL_TEST_FULL,7405,BeIR/hotpotqa,5233329,document,colbertv2,none,none,,llama-3.3-70b,llama-3.3-70b,20,5,0,256,7405,YES,COMPLETE_FROZEN,Corpus-level BEIR retrieval; not distractor setting.,7405,7378,mean_f1,0.590987580681342,mean_em,0.4529682840878287,,,7378,0.7838167525074546,0.411668581232458,0.2161832474925454,1.541881268636487,1.0,0.7838167525074546,7405,supporting_document_recall_at_5,0.6351789331532748,both_supporting_documents_retrieved_rate,0.3349088453747468,7405,mean_pairwise_cosine_distance_top5,0.5356632652162379,0.0931765563037007,,,,,
hotpotqa,test,OFFICIAL_TEST_FULL,7405,BeIR/hotpotqa,5233329,document,colbertv2,none,none,,ministral-3-14b,qwen3.6-36b,20,5,0,256,7405,YES,COMPLETE_FROZEN,Corpus-level BEIR retrieval; not distractor setting.,7405,7291,mean_f1,0.5911011305076456,mean_em,0.4516527225346317,,,7291,0.7917981072555205,0.4060498470643033,0.2082018927444795,1.5499931422301467,1.0,0.7917981072555205,7405,supporting_document_recall_at_5,0.6351789331532748,both_supporting_documents_retrieved_rate,0.3349088453747468,7405,mean_pairwise_cosine_distance_top5,0.5356632652162379,0.0931765563037007,,,,,
hotpotqa,test,OFFICIAL_TEST_FULL,7405,BeIR/hotpotqa,5233329,document,colbertv2,mmr_0,mmr,lambda=0,gemma4-26b,gemma4-26b,20,5,0,256,7405,NO,COMPLETE_FROZEN,Corpus-level BEIR retrieval; not distractor setting.,7405,7386,mean_f1,0.3872017569742887,mean_em,0.2878418629840238,,,7386,0.7373409152450582,0.4401085259733668,0.2626590847549417,1.5659355537503383,1.0,0.7373409152450582,7405,supporting_document_recall_at_5,0.4558406482106684,both_supporting_documents_retrieved_rate,0.0615800135043889,7405,mean_pairwise_cosine_distance_top5,0.6589786134323182,0.0663006420338307,,,,,
hotpotqa,test,OFFICIAL_TEST_FULL,7405,BeIR/hotpotqa,5233329,document,colbertv2,mmr_0,mmr,lambda=0,llama-3.3-70b,llama-3.3-70b,20,5,0,256,7405,NO,COMPLETE_FROZEN,Corpus-level BEIR retrieval; not distractor setting.,7405,7379,mean_f1,0.5416420097230056,mean_em,0.4113023444911234,,,7379,0.7616208158287031,0.4261210582465969,0.2383791841712969,1.405881555766364,1.0,0.7616208158287031,7405,supporting_document_recall_at_5,0.4558406482106684,both_supporting_documents_retrieved_rate,0.0615800135043889,7405,mean_pairwise_cosine_distance_top5,0.6589786134323182,0.0663006420338307,,,,,
hotpotqa,test,OFFICIAL_TEST_FULL,7405,BeIR/hotpotqa,5233329,document,colbertv2,mmr_0,mmr,lambda=0,ministral-3-14b,qwen3.6-36b,20,5,0,256,7405,NO,COMPLETE_FROZEN,Corpus-level BEIR retrieval; not distractor setting.,7405,7236,mean_f1,0.5362565642391901,mean_em,0.4047816473189607,,,7236,0.777363184079602,0.416045172171376,0.222636815920398,1.4114151464897733,1.0,0.777363184079602,7405,supporting_document_recall_at_5,0.4558406482106684,both_supporting_documents_retrieved_rate,0.0615800135043889,7405,mean_pairwise_cosine_distance_top5,0.6589786134323182,0.0663006420338307,,,,,
hotpotqa,test,OFFICIAL_TEST_FULL,7405,BeIR/hotpotqa,5233329,document,colbertv2,mmr_0.25,mmr,lambda=0.25,gemma4-26b,gemma4-26b,20,5,0,256,7405,NO,COMPLETE_FROZEN,Corpus-level BEIR retrieval; not distractor setting.,7405,7379,mean_f1,0.451722980363707,mean_em,0.3406965713511315,,,7379,0.7754438270768397,0.417317983636983,0.2245561729231603,1.643583141347066,1.0,0.7754438270768397,7405,supporting_document_recall_at_5,0.5699527346387576,both_supporting_documents_retrieved_rate,0.2268737339635381,7405,mean_pairwise_cosine_distance_top5,0.6318849594648588,0.0732911457478469,,,,,
hotpotqa,test,OFFICIAL_TEST_FULL,7405,BeIR/hotpotqa,5233329,document,colbertv2,mmr_0.25,mmr,lambda=0.25,llama-3.3-70b,llama-3.3-70b,20,5,0,256,7405,NO,COMPLETE_FROZEN,Corpus-level BEIR retrieval; not distractor setting.,7405,7378,mean_f1,0.5701602002778879,mean_em,0.4360260233125508,,,7378,0.7839522905936568,0.4115750915844902,0.2160477094063431,1.4930875576036866,1.0,0.7839522905936568,7405,supporting_document_recall_at_5,0.5699527346387576,both_supporting_documents_retrieved_rate,0.2268737339635381,7405,mean_pairwise_cosine_distance_top5,0.6318849594648588,0.0732911457478469,,,,,
hotpotqa,test,OFFICIAL_TEST_FULL,7405,BeIR/hotpotqa,5233329,document,colbertv2,mmr_0.25,mmr,lambda=0.25,ministral-3-14b,qwen3.6-36b,20,5,0,256,7405,NO,COMPLETE_FROZEN,Corpus-level BEIR retrieval; not distractor setting.,7405,7255,mean_f1,0.5757842716452194,mean_em,0.4390075809786354,,,7255,0.7935217091660923,0.4048056238464487,0.2064782908339076,1.4883528600964853,1.0,0.7935217091660923,7405,supporting_document_recall_at_5,0.5699527346387576,both_supporting_documents_retrieved_rate,0.2268737339635381,7405,mean_pairwise_cosine_distance_top5,0.6318849594648588,0.0732911457478469,,,,,
hotpotqa,test,OFFICIAL_TEST_FULL,7405,BeIR/hotpotqa,5233329,document,colbertv2,mmr_0.5,mmr,lambda=0.5,gemma4-26b,gemma4-26b,20,5,0,256,7405,NO,COMPLETE_FROZEN,Corpus-level BEIR retrieval; not distractor setting.,7405,7383,mean_f1,0.4833045858062788,mean_em,0.3665176757415684,,,7383,0.7804415549234729,0.4139755385069407,0.2195584450765271,1.6840037924962752,1.0,0.7804415549234729,7405,supporting_document_recall_at_5,0.6243079000675219,both_supporting_documents_retrieved_rate,0.3151924375422012,7405,mean_pairwise_cosine_distance_top5,0.5811764967000863,0.0876973088361313,,,,,
hotpotqa,test,OFFICIAL_TEST_FULL,7405,BeIR/hotpotqa,5233329,document,colbertv2,mmr_0.5,mmr,lambda=0.5,llama-3.3-70b,llama-3.3-70b,20,5,0,256,7405,NO,COMPLETE_FROZEN,Corpus-level BEIR retrieval; not distractor setting.,7405,7390,mean_f1,0.5851741376467477,mean_em,0.4477672530446549,,,7390,0.7849797023004059,0.4108642260265044,0.215020297699594,1.5365358592692828,1.0,0.7849797023004059,7405,supporting_document_recall_at_5,0.6243079000675219,both_supporting_documents_retrieved_rate,0.3151924375422012,7405,mean_pairwise_cosine_distance_top5,0.5811764967000863,0.0876973088361313,,,,,
hotpotqa,test,OFFICIAL_TEST_FULL,7405,BeIR/hotpotqa,5233329,document,colbertv2,mmr_0.5,mmr,lambda=0.5,ministral-3-14b,qwen3.6-36b,20,5,0,256,7405,NO,COMPLETE_FROZEN,Corpus-level BEIR retrieval; not distractor setting.,7405,7267,mean_f1,0.5925661954622907,mean_em,0.4539700013760837,,,7267,0.8017063437456997,0.3987419732208173,0.1982936562543002,1.5493325994220448,1.0,0.8017063437456997,7405,supporting_document_recall_at_5,0.6243079000675219,both_supporting_documents_retrieved_rate,0.3151924375422012,7405,mean_pairwise_cosine_distance_top5,0.5811764967000863,0.0876973088361313,,,,,
hotpotqa,test,OFFICIAL_TEST_FULL,7405,BeIR/hotpotqa,5233329,document,colbertv2,mmr_0.75,mmr,lambda=0.75,gemma4-26b,gemma4-26b,20,5,0,256,7405,NO,COMPLETE_FROZEN,Corpus-level BEIR retrieval; not distractor setting.,7405,7384,mean_f1,0.4868620363233815,mean_em,0.370124593716143,,,7384,0.7778981581798483,0.4156874006879957,0.2221018418201517,1.6747020585048753,1.0,0.7778981581798483,7405,supporting_document_recall_at_5,0.6336259284267387,both_supporting_documents_retrieved_rate,0.3322079675894666,7405,mean_pairwise_cosine_distance_top5,0.5514704053322259,0.0916984109665065,,,,,
hotpotqa,test,OFFICIAL_TEST_FULL,7405,BeIR/hotpotqa,5233329,document,colbertv2,mmr_0.75,mmr,lambda=0.75,llama-3.3-70b,llama-3.3-70b,20,5,0,256,7405,NO,COMPLETE_FROZEN,Corpus-level BEIR retrieval; not distractor setting.,7405,7383,mean_f1,0.5893854619309911,mean_em,0.4509007178653664,,,7383,0.783285927129893,0.412034074427438,0.216714072870107,1.5390762562643912,1.0,0.783285927129893,7405,supporting_document_recall_at_5,0.6336259284267387,both_supporting_documents_retrieved_rate,0.3322079675894666,7405,mean_pairwise_cosine_distance_top5,0.5514704053322259,0.0916984109665065,,,,,
hotpotqa,test,OFFICIAL_TEST_FULL,7405,BeIR/hotpotqa,5233329,document,colbertv2,mmr_0.75,mmr,lambda=0.75,ministral-3-14b,qwen3.6-36b,20,5,0,256,7405,NO,COMPLETE_FROZEN,Corpus-level BEIR retrieval; not distractor setting.,7405,7282,mean_f1,0.5920673920925758,mean_em,0.4531722054380664,,,7282,0.7956605328206536,0.4032458051221325,0.2043394671793463,1.552183466080747,1.0,0.7956605328206536,7405,supporting_document_recall_at_5,0.6336259284267387,both_supporting_documents_retrieved_rate,0.3322079675894666,7405,mean_pairwise_cosine_distance_top5,0.5514704053322259,0.0916984109665065,,,,,
hotpotqa,test,OFFICIAL_TEST_FULL,7405,BeIR/hotpotqa,5233329,document,colbertv2,kmeans_k2,kmeans,k=2,gemma4-26b,gemma4-26b,20,5,0,256,7405,NO,COMPLETE_FROZEN,Corpus-level BEIR retrieval; not distractor setting.,7405,7385,mean_f1,0.4850941237567925,mean_em,0.3676371022342586,,,7385,0.7731888964116452,0.4187977752843085,0.2268111035883547,1.6387271496276237,1.0,0.7731888964116452,7405,supporting_document_recall_at_5,0.6258609047940581,both_supporting_documents_retrieved_rate,0.3223497636731938,7405,mean_pairwise_cosine_distance_top5,0.560459642448311,0.082393617246483,,,,,
hotpotqa,test,OFFICIAL_TEST_FULL,7405,BeIR/hotpotqa,5233329,document,colbertv2,kmeans_k2,kmeans,k=2,llama-3.3-70b,llama-3.3-70b,20,5,0,256,7405,NO,COMPLETE_FROZEN,Corpus-level BEIR retrieval; not distractor setting.,7405,7382,mean_f1,0.5903780920296287,mean_em,0.4525873746952045,,,7382,0.7840693578975887,0.4114942743201085,0.2159306421024112,1.5281766458954211,1.0,0.7840693578975887,7405,supporting_document_recall_at_5,0.6258609047940581,both_supporting_documents_retrieved_rate,0.3223497636731938,7405,mean_pairwise_cosine_distance_top5,0.560459642448311,0.082393617246483,,,,,
hotpotqa,test,OFFICIAL_TEST_FULL,7405,BeIR/hotpotqa,5233329,document,colbertv2,kmeans_k2,kmeans,k=2,ministral-3-14b,qwen3.6-36b,20,5,0,256,7405,NO,COMPLETE_FROZEN,Corpus-level BEIR retrieval; not distractor setting.,7405,7283,mean_f1,0.5907812852083058,mean_em,0.4533845942606069,,,7283,0.7934916929836606,0.4048272823934853,0.2065083070163394,1.526568721680626,1.0,0.7934916929836606,7405,supporting_document_recall_at_5,0.6258609047940581,both_supporting_documents_retrieved_rate,0.3223497636731938,7405,mean_pairwise_cosine_distance_top5,0.560459642448311,0.082393617246483,,,,,
hotpotqa,test,OFFICIAL_TEST_FULL,7405,BeIR/hotpotqa,5233329,document,colbertv2,agglo_k3,agglomerative,k=3,gemma4-26b,gemma4-26b,20,5,0,256,7405,NO,COMPLETE_FROZEN,Corpus-level BEIR retrieval; not distractor setting.,7405,7379,mean_f1,0.4828392948405251,mean_em,0.3682070741292858,,,7379,0.7800514974928852,0.4142395601321743,0.2199485025071147,1.644125220219542,1.0,0.7800514974928852,7405,supporting_document_recall_at_5,0.6224848075624578,both_supporting_documents_retrieved_rate,0.3207292370020256,7405,mean_pairwise_cosine_distance_top5,0.5728219325018444,0.0760568393592371,,,,,
hotpotqa,test,OFFICIAL_TEST_FULL,7405,BeIR/hotpotqa,5233329,document,colbertv2,agglo_k3,agglomerative,k=3,llama-3.3-70b,llama-3.3-70b,20,5,0,256,7405,NO,COMPLETE_FROZEN,Corpus-level BEIR retrieval; not distractor setting.,7405,7380,mean_f1,0.5886263161333426,mean_em,0.4501355013550135,,,7380,0.7878048780487805,0.4088899690372601,0.2121951219512195,1.5140921409214092,1.0,0.7878048780487805,7405,supporting_document_recall_at_5,0.6224848075624578,both_supporting_documents_retrieved_rate,0.3207292370020256,7405,mean_pairwise_cosine_distance_top5,0.5728219325018444,0.0760568393592371,,,,,
hotpotqa,test,OFFICIAL_TEST_FULL,7405,BeIR/hotpotqa,5233329,document,colbertv2,agglo_k3,agglomerative,k=3,ministral-3-14b,qwen3.6-36b,20,5,0,256,7405,NO,COMPLETE_FROZEN,Corpus-level BEIR retrieval; not distractor setting.,7405,7280,mean_f1,0.5903564061712293,mean_em,0.4510989010989011,,,7280,0.7939560439560439,0.4044901957294862,0.206043956043956,1.507967032967033,1.0,0.7939560439560439,7405,supporting_document_recall_at_5,0.6224848075624578,both_supporting_documents_retrieved_rate,0.3207292370020256,7405,mean_pairwise_cosine_distance_top5,0.5728219325018444,0.0760568393592371,,,,,
hotpotqa,test,OFFICIAL_TEST_FULL,7405,BeIR/hotpotqa,5233329,document,colbertv2,dpp_map,dpp,MAP,gemma4-26b,gemma4-26b,20,5,0,256,7405,NO,COMPLETE_FROZEN,Corpus-level BEIR retrieval; not distractor setting.,7405,7388,mean_f1,0.4772155526018071,mean_em,0.3613968597726042,,,7388,0.7847861396859772,0.4109984412484263,0.2152138603140227,1.6924742826204655,1.0,0.7847861396859772,7405,supporting_document_recall_at_5,0.6092505064145848,both_supporting_documents_retrieved_rate,0.2908845374746793,7405,mean_pairwise_cosine_distance_top5,0.609573115405402,0.0710396476616576,,,,,
hotpotqa,test,OFFICIAL_TEST_FULL,7405,BeIR/hotpotqa,5233329,document,colbertv2,dpp_map,dpp,MAP,llama-3.3-70b,llama-3.3-70b,20,5,0,256,7405,NO,COMPLETE_FROZEN,Corpus-level BEIR retrieval; not distractor setting.,7405,7381,mean_f1,0.5823769067274266,mean_em,0.4428939168134399,,,7381,0.789865871833085,0.4074313028720821,0.210134128166915,1.531635279772389,1.0,0.789865871833085,7405,supporting_document_recall_at_5,0.6092505064145848,both_supporting_documents_retrieved_rate,0.2908845374746793,7405,mean_pairwise_cosine_distance_top5,0.609573115405402,0.0710396476616576,,,,,
hotpotqa,test,OFFICIAL_TEST_FULL,7405,BeIR/hotpotqa,5233329,document,colbertv2,dpp_map,dpp,MAP,ministral-3-14b,qwen3.6-36b,20,5,0,256,7405,NO,COMPLETE_FROZEN,Corpus-level BEIR retrieval; not distractor setting.,7405,7260,mean_f1,0.5858284982536032,mean_em,0.4475206611570247,,,7260,0.8066115702479338,0.394982068055881,0.1933884297520661,1.5426997245179064,1.0,0.8066115702479338,7405,supporting_document_recall_at_5,0.6092505064145848,both_supporting_documents_retrieved_rate,0.2908845374746793,7405,mean_pairwise_cosine_distance_top5,0.609573115405402,0.0710396476616576,,,,,
asqa,dev,PROJECT_PROTECTED_FINAL,948,DPR Wikipedia 2018-12-20,21015324,passage,bm25,none,none,,gemma4-26b,gemma4-26b,20,5,0,512,948,YES,COMPLETE_FROZEN,"Full dev948; full 21,015,324-passage corpus; ColBERTv2 not completed.",948,948,QA-F1,20.60413334953225,QA-EM,15.898382559774966,QA-Hit,3.79746835443038,948,0.9162346795258188,0.2426903443870461,0.1255274261603375,2.600210970464135,1.5485232067510548,1.3966244725738397,948,str_em,0.2634317862165964,str_hit,0.100210970464135,948,retrieval_diversity,0.5743731165674165,0.11385029650095566,948.0,376.0,572.0,0.3966244725738396,0.37587669127165
asqa,dev,PROJECT_PROTECTED_FINAL,948,DPR Wikipedia 2018-12-20,21015324,passage,bm25,none,none,,llama-3.3-70b,llama-3.3-70b,20,5,0,512,948,YES,COMPLETE_FROZEN,"Full dev948; full 21,015,324-passage corpus; ColBERTv2 not completed.",948,944,QA-F1,32.795719086323835,QA-EM,25.810381355932204,QA-Hit,6.25,944,0.8690484385103653,0.2599169564179163,0.263771186440678,2.972457627118644,3.106991525423729,2.670550847457627,944,str_em,0.4126059322033897,str_hit,0.1705508474576271,948,retrieval_diversity,0.5743731165674165,0.11385029650095566,944.0,756.0,188.0,0.8008474576271186,0.3796390703627987
asqa,dev,PROJECT_PROTECTED_FINAL,948,DPR Wikipedia 2018-12-20,21015324,passage,bm25,none,none,,ministral-3-14b,qwen3.6-36b,20,5,0,512,948,YES,COMPLETE_FROZEN,"Full dev948; full 21,015,324-passage corpus; ColBERTv2 not completed.",948,941,QA-F1,25.11800895067905,QA-EM,19.422600070846617,QA-Hit,5.100956429330499,941,0.9096263991056764,0.214950508054298,0.1859723698193411,3.287991498405951,2.567481402763018,2.3092454835281617,941,str_em,0.3280729720155862,str_hit,0.1434643995749203,948,retrieval_diversity,0.5743731165674165,0.11385029650095566,941.0,765.0,176.0,0.8129649309245484,0.404377020437733
asqa,dev,PROJECT_PROTECTED_FINAL,948,DPR Wikipedia 2018-12-20,21015324,passage,bm25,mmr_0,mmr,lambda=0,gemma4-26b,gemma4-26b,20,5,0,512,948,NO,COMPLETE_FROZEN,"Full dev948; full 21,015,324-passage corpus; ColBERTv2 not completed.",948,948,QA-F1,16.440033875191485,QA-EM,12.297819971870606,QA-Hit,2.4261603375527425,948,0.907049929676512,0.2534713694985229,0.1381856540084388,2.4546413502109705,1.4746835443037976,1.3101265822784811,948,str_em,0.2041666666666667,str_hit,0.0590717299578059,948,retrieval_diversity,0.7165710148617688,0.07792250999956966,948.0,353.0,595.0,0.3723628691983122,0.3775096702845846
asqa,dev,PROJECT_PROTECTED_FINAL,948,DPR Wikipedia 2018-12-20,21015324,passage,bm25,mmr_0,mmr,lambda=0,llama-3.3-70b,llama-3.3-70b,20,5,0,512,948,NO,COMPLETE_FROZEN,"Full dev948; full 21,015,324-passage corpus; ColBERTv2 not completed.",948,947,QA-F1,29.701674812957503,QA-EM,22.37240408306934,QA-Hit,4.329461457233368,947,0.870203734432879,0.2606535013355361,0.2587117212249208,2.8553326293558605,3.0253431890179514,2.6135163674762407,947,str_em,0.374445617740232,str_hit,0.129883843717001,948,retrieval_diversity,0.7165710148617688,0.07792250999956966,947.0,758.0,189.0,0.8004223864836325,0.3839743710602179
asqa,dev,PROJECT_PROTECTED_FINAL,948,DPR Wikipedia 2018-12-20,21015324,passage,bm25,mmr_0,mmr,lambda=0,ministral-3-14b,qwen3.6-36b,20,5,0,512,948,NO,COMPLETE_FROZEN,"Full dev948; full 21,015,324-passage corpus; ColBERTv2 not completed.",948,946,QA-F1,20.382413134541206,QA-EM,15.165609584214232,QA-Hit,3.382663847780127,946,0.9121715740559788,0.2088006164139191,0.1860465116279069,3.113107822410148,2.6522198731501057,2.3985200845665964,946,str_em,0.2765503875968993,str_hit,0.1035940803382663,948,retrieval_diversity,0.7165710148617688,0.07792250999956966,946.0,761.0,185.0,0.8044397463002114,0.4065180360957608
asqa,dev,PROJECT_PROTECTED_FINAL,948,DPR Wikipedia 2018-12-20,21015324,passage,bm25,mmr_0.25,mmr,lambda=0.25,gemma4-26b,gemma4-26b,20,5,0,512,948,NO,COMPLETE_FROZEN,"Full dev948; full 21,015,324-passage corpus; ColBERTv2 not completed.",948,948,QA-F1,18.24209492062868,QA-EM,13.788677918424757,QA-Hit,2.9535864978902957,948,0.9199894514767932,0.2428112994092455,0.1139240506329113,2.4862869198312234,1.5052742616033756,1.3744725738396624,948,str_em,0.2331575246132209,str_hit,0.0748945147679324,948,retrieval_diversity,0.6768175481115213,0.08728452881483469,948.0,360.0,588.0,0.379746835443038,0.3708623328970538
asqa,dev,PROJECT_PROTECTED_FINAL,948,DPR Wikipedia 2018-12-20,21015324,passage,bm25,mmr_0.25,mmr,lambda=0.25,llama-3.3-70b,llama-3.3-70b,20,5,0,512,948,NO,COMPLETE_FROZEN,"Full dev948; full 21,015,324-passage corpus; ColBERTv2 not completed.",948,946,QA-F1,31.252375680764484,QA-EM,23.949964763918253,QA-Hit,4.756871035940804,946,0.8684780857054206,0.2606017991367338,0.2674418604651162,2.8498942917547567,3.1226215644820297,2.7019027484143763,946,str_em,0.3877730796335447,str_hit,0.1384778012684989,948,retrieval_diversity,0.6768175481115213,0.08728452881483469,946.0,758.0,188.0,0.8012684989429175,0.3844938631461918
asqa,dev,PROJECT_PROTECTED_FINAL,948,DPR Wikipedia 2018-12-20,21015324,passage,bm25,mmr_0.25,mmr,lambda=0.25,ministral-3-14b,qwen3.6-36b,20,5,0,512,948,NO,COMPLETE_FROZEN,"Full dev948; full 21,015,324-passage corpus; ColBERTv2 not completed.",948,945,QA-F1,22.899369706184945,QA-EM,17.38271604938272,QA-Hit,4.021164021164021,945,0.9149549098755448,0.2116645849775893,0.1788359788359788,3.1502645502645503,2.671957671957672,2.412698412698413,945,str_em,0.3017460317460317,str_hit,0.11005291005291,948,retrieval_diversity,0.6768175481115213,0.08728452881483469,945.0,754.0,191.0,0.7978835978835979,0.4057592335959961
asqa,dev,PROJECT_PROTECTED_FINAL,948,DPR Wikipedia 2018-12-20,21015324,passage,bm25,mmr_0.5,mmr,lambda=0.5,gemma4-26b,gemma4-26b,20,5,0,512,948,NO,COMPLETE_FROZEN,"Full dev948; full 21,015,324-passage corpus; ColBERTv2 not completed.",948,948,QA-F1,19.90006237316364,QA-EM,15.337552742616031,QA-Hit,3.691983122362869,948,0.9120604781997188,0.2514183575616107,0.1265822784810126,2.54957805907173,1.530590717299578,1.3734177215189871,948,str_em,0.2555555555555556,str_hit,0.0864978902953586,948,retrieval_diversity,0.6207757387860415,0.10561779728873846,948.0,366.0,582.0,0.3860759493670886,0.3747883829914155
asqa,dev,PROJECT_PROTECTED_FINAL,948,DPR Wikipedia 2018-12-20,21015324,passage,bm25,mmr_0.5,mmr,lambda=0.5,llama-3.3-70b,llama-3.3-70b,20,5,0,512,948,NO,COMPLETE_FROZEN,"Full dev948; full 21,015,324-passage corpus; ColBERTv2 not completed.",948,944,QA-F1,32.582750001743015,QA-EM,25.53319209039548,QA-Hit,5.614406779661017,944,0.860402013431207,0.2715116961640163,0.2733050847457627,2.8961864406779663,3.0561440677966103,2.6038135593220337,944,str_em,0.4065324858757061,str_hit,0.1578389830508474,948,retrieval_diversity,0.6207757387860415,0.10561779728873846,944.0,745.0,199.0,0.7891949152542372,0.3782906264666743
asqa,dev,PROJECT_PROTECTED_FINAL,948,DPR Wikipedia 2018-12-20,21015324,passage,bm25,mmr_0.5,mmr,lambda=0.5,ministral-3-14b,qwen3.6-36b,20,5,0,512,948,NO,COMPLETE_FROZEN,"Full dev948; full 21,015,324-passage corpus; ColBERTv2 not completed.",948,940,QA-F1,24.830554189456358,QA-EM,18.867021276595743,QA-Hit,4.787234042553192,940,0.911464162315226,0.2094230562612687,0.1914893617021276,3.195744680851064,2.6425531914893616,2.372340425531915,940,str_em,0.3168262411347518,str_hit,0.1234042553191489,948,retrieval_diversity,0.6207757387860415,0.10561779728873846,940.0,756.0,184.0,0.8042553191489362,0.4039886464911794
asqa,dev,PROJECT_PROTECTED_FINAL,948,DPR Wikipedia 2018-12-20,21015324,passage,bm25,mmr_0.75,mmr,lambda=0.75,gemma4-26b,gemma4-26b,20,5,0,512,948,NO,COMPLETE_FROZEN,"Full dev948; full 21,015,324-passage corpus; ColBERTv2 not completed.",948,948,QA-F1,20.654156432078995,QA-EM,15.727848101265824,QA-Hit,3.5864978902953584,948,0.9185478199718706,0.2395577752131559,0.1213080168776371,2.5970464135021096,1.521097046413502,1.3744725738396624,948,str_em,0.2592475386779185,str_hit,0.0928270042194092,948,retrieval_diversity,0.5895589746629135,0.11102821191159626,948.0,376.0,572.0,0.3966244725738396,0.3764491108583009
asqa,dev,PROJECT_PROTECTED_FINAL,948,DPR Wikipedia 2018-12-20,21015324,passage,bm25,mmr_0.75,mmr,lambda=0.75,llama-3.3-70b,llama-3.3-70b,20,5,0,512,948,NO,COMPLETE_FROZEN,"Full dev948; full 21,015,324-passage corpus; ColBERTv2 not completed.",948,945,QA-F1,32.361142519398044,QA-EM,25.21164021164021,QA-Hit,5.82010582010582,945,0.8637754155447899,0.2640545527719531,0.2814814814814815,2.952380952380953,3.1142857142857143,2.6656084656084658,945,str_em,0.4062081128747796,str_hit,0.1608465608465608,948,retrieval_diversity,0.5895589746629135,0.11102821191159626,945.0,758.0,187.0,0.8021164021164021,0.3791372479974123
asqa,dev,PROJECT_PROTECTED_FINAL,948,DPR Wikipedia 2018-12-20,21015324,passage,bm25,mmr_0.75,mmr,lambda=0.75,ministral-3-14b,qwen3.6-36b,20,5,0,512,948,NO,COMPLETE_FROZEN,"Full dev948; full 21,015,324-passage corpus; ColBERTv2 not completed.",948,941,QA-F1,25.087736105347137,QA-EM,19.3907190931633,QA-Hit,5.207226354941551,941,0.9032365703725956,0.2221328989209499,0.2008501594048884,3.22422954303932,2.609989373007439,2.3209351753453773,941,str_em,0.3259652851576337,str_hit,0.1349628055260361,948,retrieval_diversity,0.5895589746629135,0.11102821191159626,941.0,759.0,182.0,0.8065887353878852,0.4022960130601375
asqa,dev,PROJECT_PROTECTED_FINAL,948,DPR Wikipedia 2018-12-20,21015324,passage,bm25,kmeans_k2,kmeans,k=2,gemma4-26b,gemma4-26b,20,5,0,512,948,NO,COMPLETE_FROZEN,"Full dev948; full 21,015,324-passage corpus; ColBERTv2 not completed.",948,948,QA-F1,19.98832718859319,QA-EM,15.263713080168776,QA-Hit,3.691983122362869,948,0.9046882325363338,0.268719421180104,0.1265822784810126,2.520042194092827,1.4926160337552743,1.337552742616034,948,str_em,0.2519338959212378,str_hit,0.0864978902953586,948,retrieval_diversity,0.6036063328636849,0.10505884374992137,948.0,347.0,601.0,0.3660337552742616,0.3842543673188954
asqa,dev,PROJECT_PROTECTED_FINAL,948,DPR Wikipedia 2018-12-20,21015324,passage,bm25,kmeans_k2,kmeans,k=2,llama-3.3-70b,llama-3.3-70b,20,5,0,512,948,NO,COMPLETE_FROZEN,"Full dev948; full 21,015,324-passage corpus; ColBERTv2 not completed.",948,947,QA-F1,31.92530085821294,QA-EM,24.85392467441042,QA-Hit,5.4910242872228086,947,0.8604917785488007,0.2669238354906,0.276663146779303,2.91129883843717,3.0401267159450898,2.5987328405491024,947,str_em,0.3992432242168249,str_hit,0.1510031678986272,948,retrieval_diversity,0.6036063328636849,0.10505884374992137,947.0,752.0,195.0,0.7940865892291447,0.37619258504995
asqa,dev,PROJECT_PROTECTED_FINAL,948,DPR Wikipedia 2018-12-20,21015324,passage,bm25,kmeans_k2,kmeans,k=2,ministral-3-14b,qwen3.6-36b,20,5,0,512,948,NO,COMPLETE_FROZEN,"Full dev948; full 21,015,324-passage corpus; ColBERTv2 not completed.",948,944,QA-F1,24.956181514771373,QA-EM,19.553319209039547,QA-Hit,5.190677966101695,944,0.8968800443906376,0.2305051117026127,0.2023305084745762,3.199152542372881,2.5572033898305087,2.26271186440678,944,str_em,0.3222987288135592,str_hit,0.1334745762711864,948,retrieval_diversity,0.6036063328636849,0.10505884374992137,944.0,755.0,189.0,0.7997881355932204,0.4077811647132532
asqa,dev,PROJECT_PROTECTED_FINAL,948,DPR Wikipedia 2018-12-20,21015324,passage,bm25,agglo_k3,agglomerative,k=3,gemma4-26b,gemma4-26b,20,5,0,512,948,NO,COMPLETE_FROZEN,"Full dev948; full 21,015,324-passage corpus; ColBERTv2 not completed.",948,948,QA-F1,19.77574326648228,QA-EM,14.743319268635725,QA-Hit,3.1645569620253164,948,0.902865682137834,0.263972983053578,0.1360759493670886,2.4567510548523206,1.5063291139240509,1.330168776371308,948,str_em,0.2509493670886078,str_hit,0.0833333333333333,948,retrieval_diversity,0.6144585371771946,0.0934433885690148,948.0,350.0,598.0,0.3691983122362869,0.3835967891131128
asqa,dev,PROJECT_PROTECTED_FINAL,948,DPR Wikipedia 2018-12-20,21015324,passage,bm25,agglo_k3,agglomerative,k=3,llama-3.3-70b,llama-3.3-70b,20,5,0,512,948,NO,COMPLETE_FROZEN,"Full dev948; full 21,015,324-passage corpus; ColBERTv2 not completed.",948,947,QA-F1,30.81171151399116,QA-EM,24.09890883491728,QA-Hit,4.963041182682154,947,0.8587376632519187,0.2670049410245297,0.2819429778247096,2.878563885955649,3.1013727560718056,2.6473072861668427,947,str_em,0.3914818725800771,str_hit,0.146779303062302,948,retrieval_diversity,0.6144585371771946,0.0934433885690148,947.0,769.0,178.0,0.8120380147835269,0.377477017428692
asqa,dev,PROJECT_PROTECTED_FINAL,948,DPR Wikipedia 2018-12-20,21015324,passage,bm25,agglo_k3,agglomerative,k=3,ministral-3-14b,qwen3.6-36b,20,5,0,512,948,NO,COMPLETE_FROZEN,"Full dev948; full 21,015,324-passage corpus; ColBERTv2 not completed.",948,946,QA-F1,23.7946591177369,QA-EM,18.130725863284,QA-Hit,4.334038054968287,946,0.8990561763817578,0.2139237743629135,0.226215644820296,3.1797040169133197,2.620507399577167,2.3160676532769555,946,str_em,0.3140944326990837,str_hit,0.1194503171247357,948,retrieval_diversity,0.6144585371771946,0.0934433885690148,946.0,760.0,186.0,0.8033826638477801,0.4023406504408309
asqa,dev,PROJECT_PROTECTED_FINAL,948,DPR Wikipedia 2018-12-20,21015324,passage,bm25,dpp_map,dpp,MAP,gemma4-26b,gemma4-26b,20,5,0,512,948,NO,COMPLETE_FROZEN,"Full dev948; full 21,015,324-passage corpus; ColBERTv2 not completed.",948,948,QA-F1,19.58327062543369,QA-EM,14.917369901547117,QA-Hit,3.79746835443038,948,0.9187135824794052,0.2405350472998223,0.1191983122362869,2.5031645569620253,1.5443037974683544,1.4018987341772151,948,str_em,0.2511954992967652,str_hit,0.0864978902953586,948,retrieval_diversity,0.6455658860661813,0.0877195639244573,948.0,369.0,579.0,0.3892405063291139,0.3804368656986774
asqa,dev,PROJECT_PROTECTED_FINAL,948,DPR Wikipedia 2018-12-20,21015324,passage,bm25,dpp_map,dpp,MAP,llama-3.3-70b,llama-3.3-70b,20,5,0,512,948,NO,COMPLETE_FROZEN,"Full dev948; full 21,015,324-passage corpus; ColBERTv2 not completed.",948,946,QA-F1,31.68378948233755,QA-EM,24.119097956307257,QA-Hit,5.813953488372093,946,0.8644697907351806,0.2594465795256232,0.2790697674418604,2.905919661733616,3.119450317124736,2.6723044397463003,946,str_em,0.3941331923890063,str_hit,0.1458773784355179,948,retrieval_diversity,0.6455658860661813,0.0877195639244573,946.0,748.0,198.0,0.7906976744186046,0.3798064261794409
asqa,dev,PROJECT_PROTECTED_FINAL,948,DPR Wikipedia 2018-12-20,21015324,passage,bm25,dpp_map,dpp,MAP,ministral-3-14b,qwen3.6-36b,20,5,0,512,948,NO,COMPLETE_FROZEN,"Full dev948; full 21,015,324-passage corpus; ColBERTv2 not completed.",948,943,QA-F1,24.047757635041645,QA-EM,18.25733474726051,QA-Hit,4.559915164369035,943,0.9057179005747404,0.2242927868866732,0.1919406150583245,3.1505832449628843,2.6861081654294803,2.40084835630965,943,str_em,0.3135030045952635,str_hit,0.112407211028632,948,retrieval_diversity,0.6455658860661813,0.0877195639244573,943.0,758.0,185.0,0.8038176033934252,0.4010409225260047
asqa,dev,PROJECT_PROTECTED_FINAL,948,DPR Wikipedia 2018-12-20,21015324,passage,dpr,none,none,,gemma4-26b,gemma4-26b,20,5,0,512,948,YES,COMPLETE_FROZEN,"Full dev948; full 21,015,324-passage corpus; ColBERTv2 not completed.",948,948,QA-F1,30.268923581078425,QA-EM,24.11919831223629,QA-Hit,5.907172995780591,948,0.9095275768535264,0.2535325143948208,0.1329113924050632,2.4957805907172994,1.580168776371308,1.4187763713080168,948,str_em,0.3832630098452881,str_hit,0.1592827004219409,948,retrieval_diversity,0.5243869118455342,0.09416951008308111,948.0,374.0,574.0,0.3945147679324894,0.4026959399408835
asqa,dev,PROJECT_PROTECTED_FINAL,948,DPR Wikipedia 2018-12-20,21015324,passage,dpr,none,none,,llama-3.3-70b,llama-3.3-70b,20,5,0,512,948,YES,COMPLETE_FROZEN,"Full dev948; full 21,015,324-passage corpus; ColBERTv2 not completed.",948,945,QA-F1,35.84936472864906,QA-EM,28.15696649029983,QA-Hit,5.82010582010582,945,0.8812148316116569,0.247157136122849,0.2412698412698412,2.878306878306878,2.987301587301588,2.6201058201058203,945,str_em,0.4726102292768956,str_hit,0.2084656084656084,948,retrieval_diversity,0.5243869118455342,0.09416951008308111,945.0,727.0,218.0,0.7693121693121693,0.3819713054283777
asqa,dev,PROJECT_PROTECTED_FINAL,948,DPR Wikipedia 2018-12-20,21015324,passage,dpr,none,none,,ministral-3-14b,qwen3.6-36b,20,5,0,512,948,YES,COMPLETE_FROZEN,"Full dev948; full 21,015,324-passage corpus; ColBERTv2 not completed.",948,947,QA-F1,32.47073671285122,QA-EM,25.69165786694826,QA-Hit,5.807814149947202,947,0.9136968569386732,0.2046758193294671,0.191129883843717,3.0221752903907078,2.526927138331573,2.2914466737064414,947,str_em,0.4282822949665608,str_hit,0.1942977824709609,948,retrieval_diversity,0.5243869118455342,0.09416951008308111,947.0,749.0,198.0,0.7909186906019008,0.4039675696430919
asqa,dev,PROJECT_PROTECTED_FINAL,948,DPR Wikipedia 2018-12-20,21015324,passage,dpr,mmr_0,mmr,lambda=0,gemma4-26b,gemma4-26b,20,5,0,512,948,NO,COMPLETE_FROZEN,"Full dev948; full 21,015,324-passage corpus; ColBERTv2 not completed.",948,948,QA-F1,22.86643908552122,QA-EM,18.00632911392405,QA-Hit,3.375527426160337,948,0.920901145268234,0.248741555569965,0.1044303797468354,2.350210970464135,1.4156118143459917,1.2911392405063291,948,str_em,0.2947609001406471,str_hit,0.0928270042194092,948,retrieval_diversity,0.6796291468327056,0.0743579872444371,948.0,307.0,641.0,0.3238396624472573,0.3897227325055032
asqa,dev,PROJECT_PROTECTED_FINAL,948,DPR Wikipedia 2018-12-20,21015324,passage,dpr,mmr_0,mmr,lambda=0,llama-3.3-70b,llama-3.3-70b,20,5,0,512,948,NO,COMPLETE_FROZEN,"Full dev948; full 21,015,324-passage corpus; ColBERTv2 not completed.",948,947,QA-F1,32.57089583682345,QA-EM,25.343189017951424,QA-Hit,4.646251319957761,947,0.88973629327378,0.2517842675013781,0.2090813093980992,2.649419218585005,2.775079197465681,2.4424498416050686,947,str_em,0.4181450193593801,str_hit,0.1552270327349524,948,retrieval_diversity,0.6796291468327056,0.0743579872444371,947.0,672.0,275.0,0.7096092925026399,0.3824881043152085
asqa,dev,PROJECT_PROTECTED_FINAL,948,DPR Wikipedia 2018-12-20,21015324,passage,dpr,mmr_0,mmr,lambda=0,ministral-3-14b,qwen3.6-36b,20,5,0,512,948,NO,COMPLETE_FROZEN,"Full dev948; full 21,015,324-passage corpus; ColBERTv2 not completed.",948,948,QA-F1,27.095556627788,QA-EM,21.0407876230661,QA-Hit,4.430379746835443,948,0.9179255658103092,0.2170411626669239,0.1550632911392405,2.845991561181435,2.460970464135021,2.228902953586498,948,str_em,0.3470815752461319,str_hit,0.1223628691983122,948,retrieval_diversity,0.6796291468327056,0.0743579872444371,948.0,702.0,246.0,0.740506329113924,0.4066559979930902
asqa,dev,PROJECT_PROTECTED_FINAL,948,DPR Wikipedia 2018-12-20,21015324,passage,dpr,mmr_0.25,mmr,lambda=0.25,gemma4-26b,gemma4-26b,20,5,0,512,948,NO,COMPLETE_FROZEN,"Full dev948; full 21,015,324-passage corpus; ColBERTv2 not completed.",948,948,QA-F1,27.268021576064783,QA-EM,21.515471167369903,QA-Hit,4.5358649789029535,948,0.9161970062286516,0.2447910515784972,0.1223628691983122,2.3248945147679323,1.4968354430379749,1.3565400843881856,948,str_em,0.3330520393811534,str_hit,0.1128691983122362,948,retrieval_diversity,0.6401583900683037,0.08546875098542671,948.0,333.0,615.0,0.3512658227848101,0.4056818090133123
asqa,dev,PROJECT_PROTECTED_FINAL,948,DPR Wikipedia 2018-12-20,21015324,passage,dpr,mmr_0.25,mmr,lambda=0.25,llama-3.3-70b,llama-3.3-70b,20,5,0,512,948,NO,COMPLETE_FROZEN,"Full dev948; full 21,015,324-passage corpus; ColBERTv2 not completed.",948,946,QA-F1,34.08592309219174,QA-EM,26.791754756871036,QA-Hit,5.07399577167019,946,0.8875016192405198,0.243577713023555,0.2315010570824524,2.6807610993657507,2.916490486257928,2.536997885835095,946,str_em,0.4434813248766732,str_hit,0.1649048625792812,948,retrieval_diversity,0.6401583900683037,0.08546875098542671,946.0,706.0,240.0,0.7463002114164905,0.3843102064669639
asqa,dev,PROJECT_PROTECTED_FINAL,948,DPR Wikipedia 2018-12-20,21015324,passage,dpr,mmr_0.25,mmr,lambda=0.25,ministral-3-14b,qwen3.6-36b,20,5,0,512,948,NO,COMPLETE_FROZEN,"Full dev948; full 21,015,324-passage corpus; ColBERTv2 not completed.",948,946,QA-F1,30.342067963786263,QA-EM,23.89887244538407,QA-Hit,5.496828752642706,946,0.91623147817651,0.2083174782931111,0.1733615221987315,2.8456659619450315,2.489429175475687,2.248414376321353,946,str_em,0.3890944326990834,str_hit,0.1575052854122621,948,retrieval_diversity,0.6401583900683037,0.08546875098542671,946.0,733.0,213.0,0.7748414376321353,0.4015560286757403
asqa,dev,PROJECT_PROTECTED_FINAL,948,DPR Wikipedia 2018-12-20,21015324,passage,dpr,mmr_0.5,mmr,lambda=0.5,gemma4-26b,gemma4-26b,20,5,0,512,948,NO,COMPLETE_FROZEN,"Full dev948; full 21,015,324-passage corpus; ColBERTv2 not completed.",948,948,QA-F1,29.09919656196648,QA-EM,23.182137834036567,QA-Hit,5.590717299578059,948,0.9236755743084856,0.2394817673388328,0.1075949367088607,2.4778481012658227,1.5443037974683544,1.4187763713080168,948,str_em,0.3702531645569617,str_hit,0.1434599156118143,948,retrieval_diversity,0.5720095260359567,0.09692246365875726,948.0,362.0,586.0,0.3818565400843882,0.3946545460770801
asqa,dev,PROJECT_PROTECTED_FINAL,948,DPR Wikipedia 2018-12-20,21015324,passage,dpr,mmr_0.5,mmr,lambda=0.5,llama-3.3-70b,llama-3.3-70b,20,5,0,512,948,NO,COMPLETE_FROZEN,"Full dev948; full 21,015,324-passage corpus; ColBERTv2 not completed.",948,947,QA-F1,35.67163833469964,QA-EM,27.75783174938402,QA-Hit,5.59662090813094,947,0.8880982665697554,0.2432114838173416,0.2270327349524815,2.874340021119324,2.9746568109820486,2.621964097148892,947,str_em,0.4669130587821186,str_hit,0.2006335797254488,948,retrieval_diversity,0.5720095260359567,0.09692246365875726,947.0,723.0,224.0,0.7634635691657867,0.3802467152826684
asqa,dev,PROJECT_PROTECTED_FINAL,948,DPR Wikipedia 2018-12-20,21015324,passage,dpr,mmr_0.5,mmr,lambda=0.5,ministral-3-14b,qwen3.6-36b,20,5,0,512,948,NO,COMPLETE_FROZEN,"Full dev948; full 21,015,324-passage corpus; ColBERTv2 not completed.",948,947,QA-F1,32.28903683110507,QA-EM,25.246392115452306,QA-Hit,6.124604012671594,947,0.9112831056072872,0.2168847417544496,0.1826821541710665,2.91129883843717,2.535374868004224,2.29039070749736,947,str_em,0.4268919394579372,str_hit,0.1890179514255544,948,retrieval_diversity,0.5720095260359567,0.09692246365875726,947.0,754.0,193.0,0.7961985216473073,0.4012371622796716
asqa,dev,PROJECT_PROTECTED_FINAL,948,DPR Wikipedia 2018-12-20,21015324,passage,dpr,mmr_0.75,mmr,lambda=0.75,gemma4-26b,gemma4-26b,20,5,0,512,948,NO,COMPLETE_FROZEN,"Full dev948; full 21,015,324-passage corpus; ColBERTv2 not completed.",948,948,QA-F1,30.03284413557977,QA-EM,24.252812939521803,QA-Hit,6.012658227848101,948,0.9200572634116936,0.2367522531982434,0.120253164556962,2.4852320675105486,1.5411392405063291,1.4018987341772151,948,str_em,0.3816279887482417,str_hit,0.1497890295358649,948,retrieval_diversity,0.539631545496515,0.09686574834208637,948.0,359.0,589.0,0.3786919831223628,0.3939635074155244
asqa,dev,PROJECT_PROTECTED_FINAL,948,DPR Wikipedia 2018-12-20,21015324,passage,dpr,mmr_0.75,mmr,lambda=0.75,llama-3.3-70b,llama-3.3-70b,20,5,0,512,948,NO,COMPLETE_FROZEN,"Full dev948; full 21,015,324-passage corpus; ColBERTv2 not completed.",948,947,QA-F1,36.30119836582718,QA-EM,28.451249560014087,QA-Hit,6.124604012671594,947,0.8875415796218331,0.2360963163289422,0.2397043294614572,2.8891235480464625,2.978880675818374,2.617740232312566,947,str_em,0.4694825765575498,str_hit,0.2111932418162618,948,retrieval_diversity,0.539631545496515,0.09686574834208637,947.0,722.0,225.0,0.7624076029567054,0.3826931373234271
asqa,dev,PROJECT_PROTECTED_FINAL,948,DPR Wikipedia 2018-12-20,21015324,passage,dpr,mmr_0.75,mmr,lambda=0.75,ministral-3-14b,qwen3.6-36b,20,5,0,512,948,NO,COMPLETE_FROZEN,"Full dev948; full 21,015,324-passage corpus; ColBERTv2 not completed.",948,947,QA-F1,32.159189889855504,QA-EM,25.52270327349525,QA-Hit,6.124604012671594,947,0.9208871792293124,0.1980629813865434,0.1731784582893347,3.0295670538542767,2.567053854276663,2.3389651531151,947,str_em,0.4332453361492429,str_hit,0.1985216473072861,948,retrieval_diversity,0.539631545496515,0.09686574834208637,947.0,755.0,192.0,0.7972544878563886,0.4051478924143393
asqa,dev,PROJECT_PROTECTED_FINAL,948,DPR Wikipedia 2018-12-20,21015324,passage,dpr,kmeans_k2,kmeans,k=2,gemma4-26b,gemma4-26b,20,5,0,512,948,NO,COMPLETE_FROZEN,"Full dev948; full 21,015,324-passage corpus; ColBERTv2 not completed.",948,948,QA-F1,28.45451434266509,QA-EM,22.672292545710267,QA-Hit,4.324894514767933,948,0.919831223628692,0.2416843096309058,0.1160337552742616,2.4852320675105486,1.542194092827004,1.4071729957805907,948,str_em,0.3693213783403653,str_hit,0.1445147679324894,948,retrieval_diversity,0.5636511205180788,0.08770526616356017,948.0,367.0,581.0,0.3871308016877637,0.3944263101760958
asqa,dev,PROJECT_PROTECTED_FINAL,948,DPR Wikipedia 2018-12-20,21015324,passage,dpr,kmeans_k2,kmeans,k=2,llama-3.3-70b,llama-3.3-70b,20,5,0,512,948,NO,COMPLETE_FROZEN,"Full dev948; full 21,015,324-passage corpus; ColBERTv2 not completed.",948,946,QA-F1,35.49948239497728,QA-EM,27.942212825933755,QA-Hit,5.602536997885835,946,0.8814905701533609,0.2464807108458355,0.2441860465116279,2.8562367864693448,2.8710359408033828,2.512684989429176,946,str_em,0.4578224101479914,str_hit,0.1892177589852008,948,retrieval_diversity,0.5636511205180788,0.08770526616356017,946.0,708.0,238.0,0.7484143763213531,0.3818547876372849
asqa,dev,PROJECT_PROTECTED_FINAL,948,DPR Wikipedia 2018-12-20,21015324,passage,dpr,kmeans_k2,kmeans,k=2,ministral-3-14b,qwen3.6-36b,20,5,0,512,948,NO,COMPLETE_FROZEN,"Full dev948; full 21,015,324-passage corpus; ColBERTv2 not completed.",948,946,QA-F1,32.055721391003075,QA-EM,24.889006342494717,QA-Hit,5.602536997885835,946,0.9072410147991544,0.218756158205423,0.1902748414376321,2.983086680761099,2.509513742071882,2.2642706131078225,946,str_em,0.4146405919661728,str_hit,0.1807610993657505,948,retrieval_diversity,0.5636511205180788,0.08770526616356017,946.0,754.0,192.0,0.7970401691331924,0.4029917925280032
asqa,dev,PROJECT_PROTECTED_FINAL,948,DPR Wikipedia 2018-12-20,21015324,passage,dpr,agglo_k3,agglomerative,k=3,gemma4-26b,gemma4-26b,20,5,0,512,948,NO,COMPLETE_FROZEN,"Full dev948; full 21,015,324-passage corpus; ColBERTv2 not completed.",948,948,QA-F1,27.421076890136327,QA-EM,21.81082981715893,QA-Hit,4.957805907172996,948,0.9315225035161744,0.2272254646583364,0.0959915611814345,2.413502109704641,1.481012658227848,1.3734177215189871,948,str_em,0.3475562587904358,str_hit,0.1265822784810126,948,retrieval_diversity,0.5822224465477819,0.0805096111605124,948.0,344.0,604.0,0.3628691983122363,0.3962087026515672
asqa,dev,PROJECT_PROTECTED_FINAL,948,DPR Wikipedia 2018-12-20,21015324,passage,dpr,agglo_k3,agglomerative,k=3,llama-3.3-70b,llama-3.3-70b,20,5,0,512,948,NO,COMPLETE_FROZEN,"Full dev948; full 21,015,324-passage corpus; ColBERTv2 not completed.",948,948,QA-F1,33.83753189873306,QA-EM,26.62095639943741,QA-Hit,5.168776371308017,948,0.8867097068977187,0.2474656168657548,0.2278481012658227,2.817510548523207,2.9272151898734178,2.5727848101265822,948,str_em,0.4357770745428969,str_hit,0.1729957805907173,948,retrieval_diversity,0.5822224465477819,0.0805096111605124,948.0,714.0,234.0,0.7531645569620253,0.3792320723418428
asqa,dev,PROJECT_PROTECTED_FINAL,948,DPR Wikipedia 2018-12-20,21015324,passage,dpr,agglo_k3,agglomerative,k=3,ministral-3-14b,qwen3.6-36b,20,5,0,512,948,NO,COMPLETE_FROZEN,"Full dev948; full 21,015,324-passage corpus; ColBERTv2 not completed.",948,948,QA-F1,30.236689576309978,QA-EM,23.103023909985936,QA-Hit,4.641350210970464,948,0.9114285942608727,0.202143767151,0.1983122362869198,2.9272151898734178,2.5780590717299576,2.309071729957806,948,str_em,0.3988572433192684,str_hit,0.1656118143459915,948,retrieval_diversity,0.5822224465477819,0.0805096111605124,948.0,760.0,188.0,0.8016877637130801,0.3997023464229546
asqa,dev,PROJECT_PROTECTED_FINAL,948,DPR Wikipedia 2018-12-20,21015324,passage,dpr,dpp_map,dpp,MAP,gemma4-26b,gemma4-26b,20,5,0,512,948,NO,COMPLETE_FROZEN,"Full dev948; full 21,015,324-passage corpus; ColBERTv2 not completed.",948,948,QA-F1,28.234803492358097,QA-EM,22.57911392405063,QA-Hit,5.80168776371308,948,0.9193741209563994,0.2429016817767265,0.1149789029535865,2.4029535864978904,1.5284810126582278,1.3860759493670889,948,str_em,0.3597749648382556,str_hit,0.1350210970464135,948,retrieval_diversity,0.6061378688500401,0.0813003094840574,948.0,346.0,602.0,0.3649789029535865,0.3949483755351491
asqa,dev,PROJECT_PROTECTED_FINAL,948,DPR Wikipedia 2018-12-20,21015324,passage,dpr,dpp_map,dpp,MAP,llama-3.3-70b,llama-3.3-70b,20,5,0,512,948,NO,COMPLETE_FROZEN,"Full dev948; full 21,015,324-passage corpus; ColBERTv2 not completed.",948,948,QA-F1,35.98277616730197,QA-EM,28.24894514767933,QA-Hit,5.907172995780591,948,0.8856095410684017,0.2401711954212862,0.2415611814345991,2.7837552742616034,2.9757383966244726,2.607594936708861,948,str_em,0.4643987341772149,str_hit,0.1919831223628691,948,retrieval_diversity,0.6061378688500401,0.0813003094840574,948.0,723.0,225.0,0.7626582278481012,0.3844786516157588
asqa,dev,PROJECT_PROTECTED_FINAL,948,DPR Wikipedia 2018-12-20,21015324,passage,dpr,dpp_map,dpp,MAP,ministral-3-14b,qwen3.6-36b,20,5,0,512,948,NO,COMPLETE_FROZEN,"Full dev948; full 21,015,324-passage corpus; ColBERTv2 not completed.",948,947,QA-F1,30.91879600130562,QA-EM,24.17986624428018,QA-Hit,5.068637803590286,947,0.9135154532197828,0.2118290743994878,0.1805702217529039,2.874340021119324,2.50791974656811,2.2724392819429777,947,str_em,0.4094332981344596,str_hit,0.1668426610348468,948,retrieval_diversity,0.6061378688500401,0.0813003094840574,947.0,744.0,203.0,0.7856388595564942,0.4018300781727478
asqa,dev,PROJECT_PROTECTED_FINAL,948,DPR Wikipedia 2018-12-20,21015324,passage,contriever,none,none,,gemma4-26b,gemma4-26b,20,5,0,512,948,YES,COMPLETE_FROZEN,"Full dev948; full 21,015,324-passage corpus; ColBERTv2 not completed.",948,948,QA-F1,18.64321193953869,QA-EM,13.932841068917018,QA-Hit,3.79746835443038,948,0.9328234880450068,0.2197337359662684,0.100210970464135,2.717299578059072,1.5791139240506329,1.4588607594936709,948,str_em,0.2412974683544304,str_hit,0.0864978902953586,948,retrieval_diversity,0.5695811931656886,0.0887233468141973,948.0,404.0,544.0,0.4261603375527426,0.3877782917922676
asqa,dev,PROJECT_PROTECTED_FINAL,948,DPR Wikipedia 2018-12-20,21015324,passage,contriever,none,none,,llama-3.3-70b,llama-3.3-70b,20,5,0,512,948,YES,COMPLETE_FROZEN,"Full dev948; full 21,015,324-passage corpus; ColBERTv2 not completed.",948,946,QA-F1,31.940005087868105,QA-EM,23.94820295983087,QA-Hit,5.391120507399577,946,0.8864002716803985,0.2495076295869902,0.2219873150105708,2.946088794926004,3.1543340380549685,2.7695560253699787,946,str_em,0.4024489076814656,str_hit,0.1543340380549683,948,retrieval_diversity,0.5695811931656886,0.0887233468141973,946.0,769.0,177.0,0.8128964059196617,0.3784778414219036
asqa,dev,PROJECT_PROTECTED_FINAL,948,DPR Wikipedia 2018-12-20,21015324,passage,contriever,none,none,,ministral-3-14b,qwen3.6-36b,20,5,0,512,948,YES,COMPLETE_FROZEN,"Full dev948; full 21,015,324-passage corpus; ColBERTv2 not completed.",948,945,QA-F1,24.00943313547898,QA-EM,17.650793650793652,QA-Hit,4.126984126984127,945,0.9202721088435374,0.2073355568321332,0.1608465608465608,3.2063492063492065,2.6455026455026456,2.4328042328042327,945,str_em,0.3226455026455025,str_hit,0.128042328042328,948,retrieval_diversity,0.5695811931656886,0.0887233468141973,945.0,786.0,159.0,0.8317460317460318,0.4046165142540107
asqa,dev,PROJECT_PROTECTED_FINAL,948,DPR Wikipedia 2018-12-20,21015324,passage,contriever,mmr_0,mmr,lambda=0,gemma4-26b,gemma4-26b,20,5,0,512,948,NO,COMPLETE_FROZEN,"Full dev948; full 21,015,324-passage corpus; ColBERTv2 not completed.",948,948,QA-F1,12.611995265697946,QA-EM,9.226441631504922,QA-Hit,1.5822784810126582,948,0.9364978902953586,0.2188145391190068,0.0886075949367088,2.564345991561181,1.4440928270042197,1.340717299578059,948,str_em,0.1671940928270042,str_hit,0.0390295358649789,948,retrieval_diversity,0.6921505542935701,0.06611973365716763,948.0,344.0,604.0,0.3628691983122363,0.3712127318302559
asqa,dev,PROJECT_PROTECTED_FINAL,948,DPR Wikipedia 2018-12-20,21015324,passage,contriever,mmr_0,mmr,lambda=0,llama-3.3-70b,llama-3.3-70b,20,5,0,512,948,NO,COMPLETE_FROZEN,"Full dev948; full 21,015,324-passage corpus; ColBERTv2 not completed.",948,944,QA-F1,29.095366529110123,QA-EM,22.03036723163841,QA-Hit,3.1779661016949152,944,0.881478984762883,0.2526848058490539,0.2341101694915254,2.8485169491525424,3.198093220338983,2.79978813559322,944,str_em,0.3752471751412426,str_hit,0.1207627118644067,948,retrieval_diversity,0.6921505542935701,0.06611973365716763,944.0,780.0,164.0,0.826271186440678,0.3785063445186004
asqa,dev,PROJECT_PROTECTED_FINAL,948,DPR Wikipedia 2018-12-20,21015324,passage,contriever,mmr_0,mmr,lambda=0,ministral-3-14b,qwen3.6-36b,20,5,0,512,948,NO,COMPLETE_FROZEN,"Full dev948; full 21,015,324-passage corpus; ColBERTv2 not completed.",948,944,QA-F1,18.58984047351265,QA-EM,13.444562146892656,QA-Hit,2.2245762711864407,944,0.9225651643554186,0.1985298137180023,0.1620762711864407,3.1853813559322037,2.6684322033898304,2.449152542372881,944,str_em,0.2453742937853108,str_hit,0.0805084745762711,948,retrieval_diversity,0.6921505542935701,0.06611973365716763,944.0,799.0,145.0,0.8463983050847458,0.4047936014970939
asqa,dev,PROJECT_PROTECTED_FINAL,948,DPR Wikipedia 2018-12-20,21015324,passage,contriever,mmr_0.25,mmr,lambda=0.25,gemma4-26b,gemma4-26b,20,5,0,512,948,NO,COMPLETE_FROZEN,"Full dev948; full 21,015,324-passage corpus; ColBERTv2 not completed.",948,948,QA-F1,15.1256626793247,QA-EM,10.905414908579464,QA-Hit,2.320675105485232,948,0.9366928781485744,0.2130132349910714,0.0938818565400844,2.6677215189873418,1.5274261603375527,1.4156118143459917,948,str_em,0.1992264416315049,str_hit,0.0622362869198312,948,retrieval_diversity,0.6521284196698716,0.07569829814069569,948.0,390.0,558.0,0.4113924050632911,0.3772688357493816
asqa,dev,PROJECT_PROTECTED_FINAL,948,DPR Wikipedia 2018-12-20,21015324,passage,contriever,mmr_0.25,mmr,lambda=0.25,llama-3.3-70b,llama-3.3-70b,20,5,0,512,948,NO,COMPLETE_FROZEN,"Full dev948; full 21,015,324-passage corpus; ColBERTv2 not completed.",948,943,QA-F1,29.745416117059264,QA-EM,22.10675150229763,QA-Hit,3.817603393425239,943,0.8858885017421603,0.2483835263211827,0.2226935312831389,2.8472958642629904,3.130434782608696,2.7624602332979853,943,str_em,0.3809119830328736,str_hit,0.1240721102863202,948,retrieval_diversity,0.6521284196698716,0.07569829814069569,943.0,776.0,167.0,0.8229056203605515,0.377978615789223
asqa,dev,PROJECT_PROTECTED_FINAL,948,DPR Wikipedia 2018-12-20,21015324,passage,contriever,mmr_0.25,mmr,lambda=0.25,ministral-3-14b,qwen3.6-36b,20,5,0,512,948,NO,COMPLETE_FROZEN,"Full dev948; full 21,015,324-passage corpus; ColBERTv2 not completed.",948,946,QA-F1,21.87483621012805,QA-EM,15.926708949964766,QA-Hit,3.911205073995772,946,0.9201844021611464,0.2098912303226514,0.1585623678646934,3.199788583509514,2.675475687103594,2.441860465116279,946,str_em,0.2935870331219167,str_hit,0.1109936575052854,948,retrieval_diversity,0.6521284196698716,0.07569829814069569,946.0,794.0,152.0,0.8393234672304439,0.4046049470490112
asqa,dev,PROJECT_PROTECTED_FINAL,948,DPR Wikipedia 2018-12-20,21015324,passage,contriever,mmr_0.5,mmr,lambda=0.5,gemma4-26b,gemma4-26b,20,5,0,512,948,NO,COMPLETE_FROZEN,"Full dev948; full 21,015,324-passage corpus; ColBERTv2 not completed.",948,948,QA-F1,17.149271265032052,QA-EM,13.069620253164556,QA-Hit,3.059071729957806,948,0.93293776371308,0.219480360235225,0.1012658227848101,2.6065400843881856,1.540084388185654,1.4251054852320677,948,str_em,0.2284106891701829,str_hit,0.0759493670886076,948,retrieval_diversity,0.6031328716358555,0.08365651009415319,948.0,375.0,573.0,0.3955696202531645,0.3843459500869115
asqa,dev,PROJECT_PROTECTED_FINAL,948,DPR Wikipedia 2018-12-20,21015324,passage,contriever,mmr_0.5,mmr,lambda=0.5,llama-3.3-70b,llama-3.3-70b,20,5,0,512,948,NO,COMPLETE_FROZEN,"Full dev948; full 21,015,324-passage corpus; ColBERTv2 not completed.",948,946,QA-F1,31.084521504179484,QA-EM,23.36856941508104,QA-Hit,4.545454545454546,946,0.8902493178655969,0.2448167634793566,0.2156448202959831,2.959830866807611,3.197674418604651,2.821353065539112,946,str_em,0.3996476391825226,str_hit,0.1501057082452431,948,retrieval_diversity,0.6031328716358555,0.08365651009415319,946.0,771.0,175.0,0.8150105708245243,0.3743865974682314
asqa,dev,PROJECT_PROTECTED_FINAL,948,DPR Wikipedia 2018-12-20,21015324,passage,contriever,mmr_0.5,mmr,lambda=0.5,ministral-3-14b,qwen3.6-36b,20,5,0,512,948,NO,COMPLETE_FROZEN,"Full dev948; full 21,015,324-passage corpus; ColBERTv2 not completed.",948,941,QA-F1,23.789793475382893,QA-EM,17.45660644704215,QA-Hit,3.931987247608927,941,0.91949547087698,0.2080272857942308,0.1636556854410202,3.22422954303932,2.6546227417640806,2.424017003188098,941,str_em,0.3165249734325185,str_hit,0.1264612114771519,948,retrieval_diversity,0.6031328716358555,0.08365651009415319,941.0,791.0,150.0,0.8405951115834219,0.4033753624758135
asqa,dev,PROJECT_PROTECTED_FINAL,948,DPR Wikipedia 2018-12-20,21015324,passage,contriever,mmr_0.75,mmr,lambda=0.75,gemma4-26b,gemma4-26b,20,5,0,512,948,NO,COMPLETE_FROZEN,"Full dev948; full 21,015,324-passage corpus; ColBERTv2 not completed.",948,948,QA-F1,17.752703131619363,QA-EM,13.366736990154712,QA-Hit,3.5864978902953584,948,0.934071729957806,0.219879210198392,0.0959915611814345,2.660337552742616,1.5527426160337552,1.440928270042194,948,str_em,0.2361638537271449,str_hit,0.0833333333333333,948,retrieval_diversity,0.5805002239686025,0.08855115002091431,948.0,382.0,566.0,0.4029535864978903,0.3833139095630945
asqa,dev,PROJECT_PROTECTED_FINAL,948,DPR Wikipedia 2018-12-20,21015324,passage,contriever,mmr_0.75,mmr,lambda=0.75,llama-3.3-70b,llama-3.3-70b,20,5,0,512,948,NO,COMPLETE_FROZEN,"Full dev948; full 21,015,324-passage corpus; ColBERTv2 not completed.",948,944,QA-F1,32.06521750887495,QA-EM,24.2284604519774,QA-Hit,5.614406779661017,944,0.8869594988690825,0.2490813769554723,0.2192796610169491,2.909957627118644,3.165254237288136,2.777542372881356,944,str_em,0.4047669491525422,str_hit,0.1536016949152542,948,retrieval_diversity,0.5805002239686025,0.08855115002091431,944.0,767.0,177.0,0.8125,0.375984633353574
asqa,dev,PROJECT_PROTECTED_FINAL,948,DPR Wikipedia 2018-12-20,21015324,passage,contriever,mmr_0.75,mmr,lambda=0.75,ministral-3-14b,qwen3.6-36b,20,5,0,512,948,NO,COMPLETE_FROZEN,"Full dev948; full 21,015,324-passage corpus; ColBERTv2 not completed.",948,946,QA-F1,23.945240917640117,QA-EM,17.901691331923892,QA-Hit,4.334038054968287,946,0.9130584531747322,0.2195040882760018,0.1701902748414376,3.193446088794926,2.6723044397463003,2.436575052854123,946,str_em,0.3201198026779421,str_hit,0.127906976744186,948,retrieval_diversity,0.5805002239686025,0.08855115002091431,946.0,789.0,157.0,0.8340380549682875,0.4033076500258065
asqa,dev,PROJECT_PROTECTED_FINAL,948,DPR Wikipedia 2018-12-20,21015324,passage,contriever,kmeans_k2,kmeans,k=2,gemma4-26b,gemma4-26b,20,5,0,512,948,NO,COMPLETE_FROZEN,"Full dev948; full 21,015,324-passage corpus; ColBERTv2 not completed.",948,948,QA-F1,17.173186990352384,QA-EM,12.716244725738395,QA-Hit,2.848101265822785,948,0.9309071729957806,0.2236382202547786,0.100210970464135,2.6202531645569622,1.529535864978903,1.409282700421941,948,str_em,0.2206223628691983,str_hit,0.0675105485232067,948,retrieval_diversity,0.5978638115122852,0.08234622534414428,948.0,393.0,555.0,0.4145569620253164,0.3801100004947823
asqa,dev,PROJECT_PROTECTED_FINAL,948,DPR Wikipedia 2018-12-20,21015324,passage,contriever,kmeans_k2,kmeans,k=2,llama-3.3-70b,llama-3.3-70b,20,5,0,512,948,NO,COMPLETE_FROZEN,"Full dev948; full 21,015,324-passage corpus; ColBERTv2 not completed.",948,946,QA-F1,30.70485065146243,QA-EM,23.238195912614515,QA-Hit,4.862579281183932,946,0.8900609080841638,0.2517128882195601,0.2071881606765327,2.9006342494714588,3.141649048625793,2.7832980972515857,946,str_em,0.3998062015503876,str_hit,0.1448202959830866,948,retrieval_diversity,0.5978638115122852,0.08234622534414428,946.0,762.0,184.0,0.8054968287526427,0.3799684617932387
asqa,dev,PROJECT_PROTECTED_FINAL,948,DPR Wikipedia 2018-12-20,21015324,passage,contriever,kmeans_k2,kmeans,k=2,ministral-3-14b,qwen3.6-36b,20,5,0,512,948,NO,COMPLETE_FROZEN,"Full dev948; full 21,015,324-passage corpus; ColBERTv2 not completed.",948,944,QA-F1,23.279572167038467,QA-EM,17.401129943502823,QA-Hit,4.025423728813559,944,0.9230086526135878,0.2041838157709141,0.1567796610169491,3.2521186440677967,2.655720338983051,2.4322033898305087,944,str_em,0.3071857344632768,str_hit,0.1186440677966101,948,retrieval_diversity,0.5978638115122852,0.08234622534414428,944.0,791.0,153.0,0.8379237288135594,0.4027717056791339
asqa,dev,PROJECT_PROTECTED_FINAL,948,DPR Wikipedia 2018-12-20,21015324,passage,contriever,agglo_k3,agglomerative,k=3,gemma4-26b,gemma4-26b,20,5,0,512,948,NO,COMPLETE_FROZEN,"Full dev948; full 21,015,324-passage corpus; ColBERTv2 not completed.",948,948,QA-F1,17.016369894916686,QA-EM,12.521097046413502,QA-Hit,2.637130801687764,948,0.9378076652601968,0.2135734353101382,0.090717299578059,2.6392405063291138,1.5443037974683544,1.4367088607594938,948,str_em,0.2161919831223628,str_hit,0.0748945147679324,948,retrieval_diversity,0.6079326035289825,0.07540379060616838,948.0,396.0,552.0,0.4177215189873418,0.3830400833276787
asqa,dev,PROJECT_PROTECTED_FINAL,948,DPR Wikipedia 2018-12-20,21015324,passage,contriever,agglo_k3,agglomerative,k=3,llama-3.3-70b,llama-3.3-70b,20,5,0,512,948,NO,COMPLETE_FROZEN,"Full dev948; full 21,015,324-passage corpus; ColBERTv2 not completed.",948,944,QA-F1,30.39890698551285,QA-EM,23.01906779661017,QA-Hit,4.4491525423728815,944,0.8898010975606314,0.2416394216544474,0.2235169491525423,2.9036016949152543,3.1536016949152543,2.777542372881356,944,str_em,0.3877648305084746,str_hit,0.1451271186440678,948,retrieval_diversity,0.6079326035289825,0.07540379060616838,944.0,757.0,187.0,0.801906779661017,0.3774790833144396
asqa,dev,PROJECT_PROTECTED_FINAL,948,DPR Wikipedia 2018-12-20,21015324,passage,contriever,agglo_k3,agglomerative,k=3,ministral-3-14b,qwen3.6-36b,20,5,0,512,948,NO,COMPLETE_FROZEN,"Full dev948; full 21,015,324-passage corpus; ColBERTv2 not completed.",948,947,QA-F1,23.43073320402283,QA-EM,17.118972192889828,QA-Hit,3.590285110876452,947,0.9178511957947016,0.2088752712103667,0.1689545934530095,3.222808870116156,2.732840549102429,2.4931362196409714,947,str_em,0.3028863076381556,str_hit,0.1087645195353748,948,retrieval_diversity,0.6079326035289825,0.07540379060616838,947.0,792.0,155.0,0.8363252375923971,0.400835909796032
asqa,dev,PROJECT_PROTECTED_FINAL,948,DPR Wikipedia 2018-12-20,21015324,passage,contriever,dpp_map,dpp,MAP,gemma4-26b,gemma4-26b,20,5,0,512,948,NO,COMPLETE_FROZEN,"Full dev948; full 21,015,324-passage corpus; ColBERTv2 not completed.",948,948,QA-F1,16.584457472536783,QA-EM,12.380450070323487,QA-Hit,2.9535864978902957,948,0.9294127988748242,0.2287043628160284,0.100210970464135,2.6128691983122363,1.5337552742616034,1.4177215189873418,948,str_em,0.2115154711673699,str_hit,0.0643459915611814,948,retrieval_diversity,0.6222986699973984,0.07383976879337077,948.0,380.0,568.0,0.4008438818565401,0.3831947959959507
asqa,dev,PROJECT_PROTECTED_FINAL,948,DPR Wikipedia 2018-12-20,21015324,passage,contriever,dpp_map,dpp,MAP,llama-3.3-70b,llama-3.3-70b,20,5,0,512,948,NO,COMPLETE_FROZEN,"Full dev948; full 21,015,324-passage corpus; ColBERTv2 not completed.",948,944,QA-F1,30.922934353726404,QA-EM,23.117937853107343,QA-Hit,5.190677966101695,944,0.8892819956644108,0.249739188194538,0.2108050847457627,2.9110169491525424,3.1758474576271185,2.795550847457627,944,str_em,0.3916666666666664,str_hit,0.1440677966101695,948,retrieval_diversity,0.6222986699973984,0.07383976879337077,944.0,768.0,176.0,0.8135593220338984,0.3775318494687478
asqa,dev,PROJECT_PROTECTED_FINAL,948,DPR Wikipedia 2018-12-20,21015324,passage,contriever,dpp_map,dpp,MAP,ministral-3-14b,qwen3.6-36b,20,5,0,512,948,NO,COMPLETE_FROZEN,"Full dev948; full 21,015,324-passage corpus; ColBERTv2 not completed.",948,946,QA-F1,22.926602592312054,QA-EM,16.77061310782241,QA-Hit,4.12262156448203,946,0.9129672975603208,0.2189135542317323,0.1691331923890063,3.202959830866808,2.638477801268499,2.402748414376321,946,str_em,0.2987138830162086,str_hit,0.1141649048625792,948,retrieval_diversity,0.6222986699973984,0.07383976879337077,946.0,790.0,156.0,0.8350951374207188,0.3995602864441992
